id,domain,status,purchase_price,renewal_price,attractiveness,demand,length,registrar,created_at,expires_at,status_verified_at
94129b99-c9c6-4f3c-83d0-0894fa14e079,nicosia.boats,available,1.99,17.29,medium,low,7,namesilo,,,30/09/2026 08:57
513e033c-077d-4ad1-af69-78ce8263bf73,unquestionable.boats,available,1.99,,medium,low,14,name.com,,,
5265ac53-07b1-4f03-b3f3-4ec97d6cc69d,nescient.boats,available,1.8,19.98,medium,low,8,namecheap,,,21/08/2026 18:29
e4ed1b38-17ed-4c22-820a-2708a74322d6,tigers.boats,available,1.54,14.21,high,medium,6,porkbun,,,28/09/2026 10:15
474e12e4-1d4e-4d33-9e5a-37fd53a3d841,thwack.boats,available,1.8,21.98,medium,low,6,namecheap,,,16/09/2026 02:47
21a2f478-e9e0-4d96-9224-3d3f8e2eaa2c,crossroads.boats,available,1.99,14.45,high,low,10,dynadot,,,29/09/2026 12:04
734d1286-1644-4935-9c38-4188db57a817,courtly.boats,available,1.8,19.98,high,low,7,namecheap,,,13/08/2026 03:50
0b2c3209-e67b-4269-b4a8-e78f565cbddf,stippled.boats,available,1.8,19.98,medium,low,8,namecheap,,,14/08/2026 16:36
74506fa2-6e6f-4465-8ac1-1bad8eceb3ee,boringly.boats,available,1.8,21.98,medium,low,8,namecheap,,,14/09/2026 01:08
79ce6c78-2b26-40aa-af93-86816e0d68d7,snuggery.boats,available,1.8,21.98,high,medium,8,namecheap,,,10/09/2026 12:53
266f8fc9-0db2-40df-be1d-f6b3706661d1,beltway.boats,available,1.99,17.29,high,low,7,namesilo,,,23/09/2026 07:15
baf3b241-7a1e-43e1-b3f9-feabc6c5f1a0,steep.boats,available,1.8,19.98,high,low,5,namecheap,,,17/08/2026 17:40
f918a065-ff8f-4631-b379-9aabee173aa0,formally.boats,available,1.8,21.98,medium,low,8,namecheap,,,14/09/2026 19:42
a6240829-d674-44ab-9285-8c7b000868cf,bacchanal.boats,available,1.8,19.98,high,low,9,namecheap,,,08/08/2026 04:14
bc2fedbe-443a-4726-9f3b-63d4ac0823b3,presidential.boats,available,1.24,13.97,high,low,12,spaceship,,,27/09/2026 17:17
661ae81c-8f1c-4878-af86-1f223beb6ede,spacetravel.boats,available,1.99,,high,low,12,name.com,,,
8dc467a6-c6f2-42bf-8595-77e8a446a738,chet.boats,available,1.99,17.29,high,low,4,namesilo,,,29/09/2026 03:38
54619801-e80f-4551-80b1-b1d9f7909f7d,arouet.boats,available,1.99,17.29,medium,low,6,namesilo,,,20/09/2026 08:30
d313c842-bb33-47d2-991f-45b3bc4343f4,ven.boats,available,1.8,21.98,medium,low,3,namecheap,,,29/09/2026 16:15
1d337435-eaea-4a62-bb04-97b47ba69b70,fatality.boats,available,1.99,17.29,medium,low,8,namesilo,,,30/09/2026 01:36
ddfcd730-8fa8-4981-a87f-7a8ed1f88744,obnoxious.boats,available,1.8,21.98,medium,low,9,namecheap,,,03/09/2026 23:32
51d1aa99-28d8-405e-b18b-07773a1d2c12,closer.boats,available,1.99,17.29,high,low,6,namesilo,,,28/09/2026 14:02
eaf0ce1e-3a79-49c3-b92f-3672211aeb04,obsequious.boats,available,1.8,19.98,medium,low,10,namecheap,,,10/08/2026 19:44
03a39fa8-c5b4-4876-9275-786cd67bb244,jamie.boats,available,1.8,21.98,high,low,5,namecheap,,,25/09/2026 17:50
729d982f-a9fb-4c8b-80bf-ad4710672a2a,bolster.boats,available,1.24,13.97,medium,low,7,spaceship,,,29/09/2026 03:17
79c33b2c-2c56-467b-bc79-54d9b16a1a1c,heartburn.boats,available,1.99,17.29,medium,low,9,namesilo,,,29/09/2026 22:23
3449cf04-7bc2-4627-90ae-7559c1d18be5,itching.boats,available,1.8,21.98,medium,low,7,namecheap,,,30/09/2026 02:03
94a917e8-6101-48cb-b8c4-07e218245d7e,wastewater.boats,available,1.8,19.98,medium,low,10,namecheap,,,15/08/2026 15:34
d6bd08b9-1631-4db6-979c-6e8dad801ac4,minority.boats,available,1.24,13.97,high,low,8,spaceship,,,28/09/2026 14:53
7f747e73-ad45-4db9-8652-0174c1ff516e,boer.boats,available,1.8,19.98,medium,low,4,namecheap,,,
dd81b8f7-5114-4174-b0ca-6442c8587ee0,colbert.boats,available,1.99,17.29,medium,low,7,namesilo,,,27/09/2026 12:41
5c8b0e1d-6aeb-4960-be15-e59c5ab9ef24,referee.boats,available,1.99,14.45,high,low,7,dynadot,,,28/09/2026 10:49
26a6454d-ab2d-4658-a1ce-a4e9b176ff58,jeannie.boats,available,1.99,14.45,medium,low,7,dynadot,,,30/09/2026 21:23
e0dcb2ac-9e33-438f-885a-e985dc1f2be2,moreton.boats,available,1.99,17.29,medium,low,7,namesilo,,,30/09/2026 12:45
0ef2b951-deaa-42ef-8849-8e1307a33fd3,servant.boats,available,1.99,17.29,high,low,7,namesilo,,,25/09/2026 06:52
0a80a429-7ae8-474c-939b-651f6f03b6fa,nameless.boats,available,1.8,21.98,high,low,8,namecheap,,,03/09/2026 12:53
ff8f3eda-d7b9-4c85-848c-0be431113016,araneae.boats,available,1.99,17.29,medium,low,7,namesilo,,,20/09/2026 00:06
17c70288-6190-4de7-ae98-15ad5efbbc26,foldaway.boats,available,1.8,19.98,medium,low,8,namecheap,,,18/08/2026 10:07
24dc62d0-2c3e-4c82-9772-c21f77b846bc,retracted.boats,available,1.24,13.97,medium,low,9,spaceship,,,27/09/2026 13:32
4e3be818-e2b8-40a5-b918-ee3319d6f658,journalism.boats,available,1.99,14.45,high,low,10,dynadot,,,30/09/2026 00:56
85d37740-8e95-404e-ad04-0583ff040010,hee.boats,available,1.24,13.97,high,low,3,spaceship,,,29/09/2026 21:26
99d42702-b5a8-48d8-a9e8-1855b9a186cb,antum.boats,available,1.8,21.98,medium,low,5,namecheap,,,19/09/2026 15:47
b439cfe2-17c9-4ded-9f11-48bd4adceef0,installment.boats,available,1.8,21.98,high,low,11,namecheap,,,30/09/2026 19:52
9566740a-af34-4aa8-8254-92a87d4ffd8c,topics.boats,available,1.24,13.97,medium,low,6,spaceship,,,30/09/2026 14:57
fd5efdcf-6815-4b59-8fc5-f91f3c796a33,join.boats,available,1.24,13.97,high,medium,4,spaceship,,,30/09/2026 00:53
c773bdb3-df57-46e8-a74a-994cbf4bec0b,mme.boats,available,1.24,13.97,high,low,3,spaceship,,,29/09/2026 03:05
e8e6bc87-c004-494d-aff5-4d63b4e9c9b1,discover.boats,premium,2660,2660,high,high,8,namesilo,,,30/09/2026 04:24
8a077989-27bb-4e8a-ad09-70ad4d50fcbf,schonberg.boats,available,1.99,17.29,medium,low,9,namesilo,,,20/09/2026 08:20
3250e060-a203-4b25-bc54-7780d32ffb22,loafer.boats,available,1.8,19.98,medium,low,6,namecheap,,,14/08/2026 14:12
eba3a4ec-e48f-4874-a091-e1809b3e38eb,incubator.boats,available,1.24,13.97,high,low,9,spaceship,,,30/09/2026 08:50
efb47df2-4441-442f-8479-dbb0ff33606a,latitude.boats,available,1.99,25.99,high,low,8,godaddy,,,30/09/2026 02:08
73364adf-efdb-437a-956b-6779883e8ffc,paranoia.boats,available,1.24,13.97,high,low,8,spaceship,,,29/09/2026 19:54
f1aaba84-5bad-4593-8e68-5fba02aeed47,nursed.boats,available,1.8,21.98,medium,low,6,namecheap,,,03/09/2026 23:03
2cd23543-9133-4b5b-8a1b-07669eac89ee,downstage.boats,available,1.8,19.98,high,low,9,namecheap,,,14/08/2026 17:53
6c39816e-dcaf-49af-b83e-f35c1a65dc85,chiefs.boats,premium,2660,2660,high,low,6,namesilo,,,18/09/2026 03:19
d0d49485-6248-4f4d-af86-3b496743436a,impulses.boats,available,1.99,17.29,medium,low,8,namesilo,,,30/09/2026 14:13
78ac742d-af22-42db-ae74-fe836e038953,impartial.boats,available,1.8,19.98,high,low,9,namecheap,,,21/08/2026 21:45
e90e4830-9f1d-4bde-bfef-31c824a7b66b,surmisable.boats,available,1.8,21.98,high,medium,10,namecheap,,,09/09/2026 01:47
225e6b19-9013-45e2-918d-62a50f35a3bf,fagan.boats,available,1.99,17.29,medium,low,5,namesilo,,,30/09/2026 05:33
7b1b6fd6-ff65-4de4-9ffd-5cf3d69ca412,pectoralis.boats,available,1.8,21.98,medium,low,10,namecheap,,,08/09/2026 12:06
412ba4b6-9ab8-46e9-adbf-244eed82b7c1,guangdong.boats,available,1.99,17.29,medium,low,9,namesilo,,,28/09/2026 09:58
98c190a9-2e6d-417d-b215-18f373e52f3c,unattached.boats,available,1.8,19.98,medium,low,10,namecheap,,,18/08/2026 14:48
c9c5b746-add3-4446-b7a2-697bf6cbd993,altruist.boats,available,1.24,13.97,high,low,8,spaceship,,,28/09/2026 20:46
259e0a03-e9e6-4555-9a81-dcee459f1da1,aroid.boats,available,1.8,19.98,medium,low,5,namecheap,,,06/08/2026 11:30
99fa0184-2531-4e2c-b56a-a5ab52a7c1ae,galleries.boats,available,1.99,17.29,medium,low,9,namesilo,,,30/09/2026 07:08
aa9b5e33-f6e7-4015-9a08-b269ca517e77,encomium.boats,available,1.8,21.98,high,low,8,namecheap,,,05/09/2026 00:40
5e0639ed-1c50-4caf-9d1a-9484e5578d96,bevan.boats,available,1.99,17.29,medium,low,5,namesilo,,,29/09/2026 21:45
b7db5f0f-ef57-421f-a6ab-ec10b79e9593,vitality.boats,available,1.54,14.21,high,low,8,porkbun,,,30/09/2026 17:08
49b68f73-11fb-445c-9b72-8d135fe3aea8,loath.boats,available,1.8,19.98,medium,low,5,namecheap,,,24/08/2026 08:17
070aad5f-626b-4425-b26f-10afae57e6b1,adios.boats,available,1.99,14.45,high,low,5,dynadot,,,28/09/2026 18:36
366adf19-bb31-4a82-9890-086745916660,subgroup.boats,available,1.24,13.97,medium,low,8,spaceship,,,28/09/2026 15:24
b77d832a-9741-4d85-af31-34d51a396418,bereft.boats,available,1.8,19.98,low,low,6,namecheap,,,09/08/2026 15:05
1f00fc0f-3960-47ac-be71-73d5e107c09b,bride.boats,available,1.99,17.29,high,low,5,namesilo,,,24/09/2026 10:31
0ffdcb1d-4b1b-42cd-bf9c-5c37f23eeda8,banjo.boats,available,1.99,17.29,high,low,5,namesilo,,,22/09/2026 02:11
257ed1b8-5b43-4bcf-b817-0a040562166e,characterized.boats,available,1.24,13.97,low,low,13,spaceship,,,30/09/2026 23:27
b1c14a59-5fe1-4ae5-aea1-3cf592d280ea,fruity.boats,available,1.8,19.98,high,low,6,namecheap,,,06/08/2026 21:00
4ce6fa67-45af-4372-8b30-c2870edc6fc3,tufted.boats,available,1.8,19.98,medium,low,6,namecheap,,,11/08/2026 13:14
46d8a28b-4a3d-4bc5-950c-f46d8989f765,mccartney.boats,premium,2070.2,2070.2,medium,low,9,spaceship,,,28/09/2026 06:23
78f4528e-f248-4263-b9ef-5da47b8e5935,isotonic.boats,available,1.8,19.98,medium,low,8,namecheap,,,22/08/2026 11:18
80c14c1e-f21d-4af2-aafb-39bb57a11b11,frisian.boats,available,1.8,19.98,high,low,7,namecheap,,,18/08/2026 15:59
d31d977f-ff04-462c-a6b7-75686cec7d47,glaze.boats,available,1.24,13.97,high,low,5,spaceship,,,30/09/2026 08:55
a8948e1e-1646-483e-b3cf-f1f540bbaa4f,spill.boats,available,1.24,13.97,high,low,5,spaceship,,,27/09/2026 15:56
2640ddc8-3ccd-4d81-9507-fc0aca706248,caledonian.boats,available,1.54,14.21,high,low,10,porkbun,,,28/09/2026 21:31
66870fb2-4ad6-4211-985e-2c052d0ad02e,capabilities.boats,available,1.24,13.97,medium,low,12,spaceship,,,29/09/2026 11:06
57ee5faf-14c8-4b6b-944e-24197c5edcb7,cement.boats,available,1.99,17.29,high,low,6,namesilo,,,29/09/2026 07:46
c450fcd8-102d-46ac-9e39-8e1775f29425,grouch.boats,available,1.8,19.98,medium,low,6,namecheap,,,13/08/2026 04:56
b72f4ff3-c5bc-47bc-a9bb-066416dad49c,relate.boats,available,1.8,19.98,high,low,6,namecheap,,,07/08/2026 07:03
a49528c8-3000-4b77-84cb-8921d738a5d5,chimpanzee.boats,available,1.8,21.98,high,low,10,namecheap,,,24/09/2026 14:39
f98a62f4-dbad-4290-bb40-b2e1faf21820,ambrose.boats,available,1.99,17.29,high,low,7,namesilo,,,18/09/2026 17:22
b8df72d8-6758-41d1-bace-33de7f1821b7,cloudburst.boats,available,1.99,17.29,medium,low,10,namesilo,,,24/09/2026 16:03
74ee97b6-dd48-4bb3-a47a-7aa6326aca8d,cubical.boats,available,1.8,19.98,medium,low,7,namecheap,,,13/08/2026 09:51
65ce3ec7-6278-4ccc-bac1-e17b9f715e59,kev.boats,available,1.99,14.45,high,low,3,dynadot,,,29/09/2026 03:20
9ef84edc-bffc-48bf-9f7c-b2fc5feb1442,moderator.boats,available,1.99,17.29,high,low,9,namesilo,,,30/09/2026 04:50
cff6efe4-b086-4762-8ec7-5a82d30f1063,companions.boats,available,1.24,13.97,medium,low,10,spaceship,,,29/09/2026 05:19
30d8ca91-034a-4420-a958-18f2a4a4aa12,rave.boats,available,1.54,14.21,high,low,4,porkbun,,,29/09/2026 13:10
5eb90a3b-6a89-4791-bb1c-893521b962c2,speculation.boats,available,1.99,,medium,low,11,name.com,,,
2b31c054-03b0-439c-9bd7-da2ce1234dec,atlantic.boats,resell,,,high,low,8,"Xiamen ChinaSource Internet Service Co., Ltd",30/03/2025 08:15,30/03/2027 23:59,27/09/2026 06:38
1b42a27d-d918-4916-9b08-fae4a4f42d5f,breadfruit.boats,available,1.99,17.29,high,low,10,namesilo,,,20/09/2026 11:57
2e0b9b67-491e-4cc5-af1c-2c1a33db6180,clara.boats,available,1.99,17.29,high,low,5,namesilo,,,25/09/2026 13:33
6b23dc40-05b2-4d09-bc2e-46e059ac9c9e,lem.boats,available,1.24,13.97,high,medium,3,spaceship,,,30/09/2026 17:54
d0d52a4e-08e0-4cc7-901e-e5f9e1e1e695,southerly.boats,available,1.8,21.98,high,medium,9,namecheap,,,10/09/2026 14:51
97d205bc-35b4-4f44-865c-5108c53b1baf,histrion.boats,available,1.8,21.98,medium,low,8,namecheap,,,11/09/2026 13:07
c3f7b8ea-393c-4c08-a6e0-428e365b5ec4,fist.boats,available,1.24,13.97,high,low,4,spaceship,,,29/09/2026 09:58
9cbf7f9e-af29-4056-a6dd-6fdea3801ee0,punishment.boats,available,1.99,17.29,high,low,10,namesilo,,,25/09/2026 09:51
ba98ab84-a079-4eec-9f4b-319400668816,waverly.boats,available,1.99,17.29,medium,low,7,namesilo,,,29/09/2026 10:04
5620ad5e-7a0a-401a-a5f1-5c22b7f1a8b2,compromised.boats,available,1.24,13.97,low,low,11,spaceship,,,28/09/2026 13:03
77309b13-ff57-41fd-8b19-239b7b3bbf6b,researcher.boats,available,1.24,13.97,high,low,10,spaceship,,,28/09/2026 02:34
02c6e370-c281-4aeb-b466-567b17cd2d3c,sunburst.boats,available,1.99,17.29,high,low,8,namesilo,,,30/09/2026 12:20
921f424c-f752-4035-8fc4-aba3c68d0592,maneuver.boats,available,1.54,14.21,high,low,8,porkbun,,,29/09/2026 18:49
0e5b9bba-f390-4304-998e-8ca316b2ecc0,mocking.boats,available,1.8,19.98,medium,low,7,namecheap,,,14/08/2026 02:52
37861f76-abd3-4890-b689-b57bd09c61f6,recognise.boats,available,1.8,21.98,high,low,9,namecheap,,,28/09/2026 06:55
c5b31f22-543d-475d-8b0c-9b574d5163a0,andy.boats,available,1.99,17.29,high,medium,4,namesilo,,,25/09/2026 12:45
55fa8c00-e820-473f-b8d0-eb97d28925fb,ssr.boats,available,1.99,17.29,high,low,3,namesilo,,,25/09/2026 12:03
971aff4b-f170-4426-ba90-692442f9ca36,karaoke.boats,available,1.24,13.97,high,low,7,spaceship,,,30/09/2026 17:46
8ddde14b-d90f-442b-a94d-4d795c198260,dsl.boats,available,1.99,17.29,high,low,3,namesilo,,,01/10/2026 01:45
d7947e47-e410-491b-a1bc-9bf850afbb89,incompetent.boats,available,1.24,13.97,medium,low,11,spaceship,,,28/09/2026 21:19
c9d9e17b-cb39-4fe3-970a-757418d34b72,batista.boats,available,1.99,17.29,medium,low,7,namesilo,,,29/09/2026 11:07
14e06623-f958-40eb-a227-324d094b9b67,midwestern.boats,available,1.8,19.98,high,low,10,namecheap,,,24/08/2026 22:41
38f75781-bfd5-4beb-a5eb-d3034e2483b5,departed.boats,available,1.8,19.98,medium,low,8,namecheap,,,07/08/2026 11:31
73d5a0a2-4994-4bf1-b4a5-7ff18732c7c9,ala.boats,available,1.24,13.97,high,low,3,spaceship,,,28/09/2026 19:57
ce3c8198-99d6-47f3-b67c-0bad98110552,installation.boats,available,1.24,13.97,high,low,12,spaceship,,,29/09/2026 04:43
2e7ab726-1345-4048-915c-09065cfc343f,frustration.boats,available,1.99,14.45,medium,low,11,dynadot,,,28/09/2026 17:13
0aaf21a1-cdb9-443f-9b53-730518c9ba92,crabs.boats,available,1.99,17.29,high,low,5,namesilo,,,29/09/2026 00:30
d066761e-489e-4c04-86d2-6ce04a9ba97d,inge.boats,available,1.99,17.29,high,low,4,namesilo,,,30/09/2026 09:55
fb338b56-9962-4b72-88d2-760df51dccb8,longfellow.boats,available,1.24,13.97,medium,low,10,spaceship,,,29/09/2026 01:16
2134c806-9a2d-4624-bcfe-855ecf2cb4ed,senseless.boats,available,1.8,21.98,medium,low,9,namecheap,,,03/09/2026 17:48
157d4dc3-ff12-4717-a89d-e16b80b4e445,biotype.boats,available,1.8,21.98,medium,low,7,namecheap,,,23/09/2026 19:14
cdecf18a-7543-430e-803f-dad64c56d7e9,temperance.boats,available,1.24,13.97,high,low,10,spaceship,,,30/09/2026 18:54
9afead4e-e3f8-4fb9-b471-395d14d09d57,ccp.boats,available,1.99,17.29,medium,low,3,namesilo,,,26/09/2026 03:21
161f18b5-896e-4d6d-857a-93eb758b4b9d,licking.boats,available,1.8,21.98,medium,low,7,namecheap,,,13/09/2026 11:11
7d8fb5c7-aaba-414e-8542-f8afc16fa174,endoergic.boats,available,1.8,19.98,medium,low,9,namecheap,,,17/08/2026 01:08
09edad5f-74ce-4d93-bae3-56170bfaaf8d,sep.boats,available,1.99,14.45,high,low,3,dynadot,,,30/09/2026 10:56
0c608d94-c028-46ba-9742-63407d292fbd,specter.boats,available,1.8,21.98,high,low,7,namecheap,,,08/09/2026 18:41
f9d00341-2a0d-4093-b504-696adabb4be4,roguish.boats,available,1.8,19.98,medium,low,7,namecheap,,,10/08/2026 11:58
b1f07f28-0f9e-4541-954f-1e5fcc3a22b2,accursed.boats,available,1.8,19.98,medium,low,8,namecheap,,,
31a4d12f-24e9-48d1-b590-a6a262d5f897,characteristic.boats,available,1.99,,high,low,14,name.com,,,
28fbdb6f-b9cc-47c1-a94c-fccd76449eb0,crab.boats,available,1.24,13.97,high,low,4,spaceship,,,29/09/2026 01:49
cf134a1c-cb78-4f2f-99ad-412d45e30576,complexion.boats,available,1.24,13.97,high,low,10,spaceship,,,30/09/2026 16:45
62f6bda4-6659-4125-95ff-40f63d44a71a,freaking.boats,available,1.99,15.75,medium,low,8,namesilo,,,
60a73e50-9a1c-45c0-9f85-cda427b1f99f,remote.boats,available,1.99,17.29,high,medium,6,namesilo,,,26/09/2026 03:19
be875ba0-22d0-4ca4-942c-247c803562fb,boney.boats,available,1.8,19.98,medium,low,5,namecheap,,,10/08/2026 18:44
383137cb-d85c-4264-a1d9-9ab47d2797b0,quran.boats,available,1.99,17.29,high,medium,5,namesilo,,,18/09/2026 01:05
41955de5-a86f-4d5a-84c4-1e85a892ef4f,bubbling.boats,available,1.8,19.98,high,low,8,namecheap,,,11/08/2026 07:15
3c758bbe-7c46-4a2c-9314-fb2683765cbe,barbecue.boats,available,1.24,13.97,high,low,8,spaceship,,,29/09/2026 01:06
789fdaad-e51e-489b-8fe4-88deb14f8240,stop.boats,available,1.99,17.29,high,low,4,namesilo,,,24/09/2026 23:23
ce469366-81ec-4643-95b5-526a6f9ee899,weaponry.boats,available,1.99,17.29,medium,low,8,namesilo,,,20/09/2026 07:43
57d19bab-ba0f-454b-ad00-5c9063786165,snub.boats,available,1.8,21.98,high,medium,4,namecheap,,,10/09/2026 12:47
73a77ac7-dd4d-476b-a016-b5641d80d732,volunteered.boats,available,1.99,17.29,medium,low,11,namesilo,,,28/09/2026 09:06
6e54aec0-e9f7-4fb7-8cb8-6cd4b80006b1,critically.boats,available,1.99,14.45,medium,low,10,dynadot,,,28/09/2026 14:26
37757820-526c-4bd8-be21-d7c06856b0ea,crockett.boats,available,1.99,25.99,medium,low,8,godaddy,,,28/09/2026 01:43
c7a873c2-da40-47ba-b917-ea60091c0122,disharmony.boats,available,1.99,17.29,medium,low,10,namesilo,,,24/09/2026 22:38
131ca714-9c99-49bb-9bc6-5adb0c6ea138,pealing.boats,available,1.8,21.98,medium,low,7,namecheap,,,19/09/2026 11:12
c52e97f8-ecfe-4e30-a0a4-cb361ca11394,inelegant.boats,available,1.8,19.98,medium,low,9,namecheap,,,22/08/2026 03:44
1e13d98b-9d28-4fe0-9a57-9aff6cc980d4,etiolate.boats,available,1.8,19.98,medium,low,8,namecheap,,,17/08/2026 13:53
18e4fc9f-1f0c-4734-b54e-0e31991f3e67,shivering.boats,available,1.8,21.98,high,medium,9,namecheap,,,10/09/2026 06:40
4d7149d5-9a0c-43c3-a6c6-2a314c1d0ed4,insect.boats,available,1.54,14.21,high,low,6,porkbun,,,29/09/2026 15:08
9e119bc7-b4fa-4c1b-bedc-a18455c00d3d,pitfall.boats,available,1.99,17.29,medium,low,7,namesilo,,,30/09/2026 06:53
d9c39e7b-dea9-4e80-976f-b6fd806b3dec,balzac.boats,available,1.99,17.29,medium,low,6,namesilo,,,22/09/2026 00:32
8f5e13e6-6a8d-46a2-906d-e838698111a0,embassador.boats,available,1.99,17.29,high,low,10,namesilo,,,18/09/2026 16:29
f67b929c-2962-446e-a07a-904d0a8faf7d,shifts.boats,available,1.99,17.29,medium,low,6,namesilo,,,28/09/2026 09:05
3536276d-bb29-442b-8f5f-2da78028bde4,alcott.boats,available,1.99,17.29,high,low,6,namesilo,,,18/09/2026 04:10
ad582176-8f16-49a8-a3d9-3553d40154f8,peaty.boats,available,1.8,21.98,medium,low,5,namecheap,,,08/09/2026 11:28
609a89c3-7662-4673-9a3a-c02c92f9b712,subscriber.boats,available,1.8,21.98,high,low,10,namecheap,,,24/09/2026 17:47
1e312183-9b55-4580-94e4-4274f8192045,willett.boats,available,1.54,14.21,medium,low,7,porkbun,,,30/09/2026 21:34
34b76773-08de-40e1-9aa1-a88572269f69,insightful.boats,available,1.8,19.98,high,low,10,namecheap,,,22/08/2026 07:06
2a8c4cbc-e558-4492-945c-435033be1bc0,homosexuality.boats,available,1.99,17.29,medium,low,13,namesilo,,,29/09/2026 10:16
e22f6a08-7fb1-4395-b79e-204a897a476b,thready.boats,available,1.8,19.98,medium,low,7,namecheap,,,18/08/2026 04:08
7300aadd-9a64-40ec-aae1-b6dcde9b560e,fraught.boats,available,1.8,19.98,medium,low,7,namecheap,,,18/08/2026 14:23
ea417778-ee94-438c-8fec-2f6fdebada58,overjoy.boats,available,1.24,13.97,high,low,7,spaceship,,,30/09/2026 21:15
2db5680c-6ea6-40ec-a23d-3caa1fecfe6a,strand.boats,available,1.8,19.98,high,low,6,namecheap,,,24/08/2026 16:26
d42ee559-9859-470c-b68d-78ad642e38b0,aspect.boats,available,1.24,13.97,high,low,6,spaceship,,,28/09/2026 22:41
2f7e1ec1-08b1-418d-96d3-47de26945667,sorbed.boats,available,1.8,21.98,medium,low,6,namecheap,,,10/09/2026 14:27
71344b33-72ba-4d7d-a5b5-7ca847dc6f85,fancied.boats,available,1.8,19.98,high,low,7,namecheap,,,17/08/2026 20:17
7079b2e1-30ca-46ff-aa34-c3d8c0b54889,assassinate.boats,available,1.54,14.21,medium,low,11,porkbun,,,30/09/2026 19:24
f04f609c-d1dd-4201-b32e-a79c9e78b4fa,understood.boats,available,1.99,17.29,high,low,10,namesilo,,,28/09/2026 02:13
eb65f5ed-af21-4161-8576-e67510cfcac7,neo.boats,available,1.99,17.29,high,medium,3,namesilo,,,25/09/2026 12:20
b5cd410e-022d-4833-8c53-bc1a574b6798,minutes.boats,available,1.24,13.97,high,low,7,spaceship,,,30/09/2026 04:36
a7841530-2063-4ac8-a663-2d36413ce574,tarawa.boats,available,1.8,21.98,medium,low,6,namecheap,,,21/09/2026 19:26
4f64ab39-7aac-4227-bf3e-8be24b339719,anticipate.boats,available,1.99,17.29,high,low,10,namesilo,,,30/09/2026 15:05
f4543431-7846-4a3c-b3e5-b79ad2177951,plates.boats,available,1.8,21.98,medium,low,6,namecheap,,,27/09/2026 02:22
7a37176a-0e74-4974-b6d6-3dddbb5590b8,unload.boats,available,1.99,17.29,high,low,6,namesilo,,,29/09/2026 08:24
8ac29431-6d2b-4c8e-8bb5-d8f83fad4b9c,matcha.boats,available,1.24,13.97,high,medium,6,spaceship,,,01/10/2026 03:44
1072e917-9257-4155-a9b8-a943c47e2e97,abkhaz.boats,available,1.8,19.98,medium,low,6,namecheap,,,
7b2aac61-cc85-40e7-a10f-7c0bc4249aa4,reset.boats,available,1.99,17.29,high,high,5,namesilo,,,30/09/2026 09:54
f41120cc-1aab-4b2e-b4d2-a192c8b9271d,thundering.boats,available,1.8,21.98,high,low,10,namecheap,,,11/09/2026 15:14
a0d0763c-c375-4143-80fb-8ed9e46befb0,neutrophils.boats,available,1.99,17.29,medium,low,11,namesilo,,,30/09/2026 14:46
c0f58c89-598a-40ba-9380-056a23ea5ee4,lloyd.boats,premium,832,832,high,low,5,namesilo,,,25/09/2026 06:57
054fc722-e51a-4d1b-87b0-330b492c7ce6,quincy.boats,available,1.99,17.29,high,low,6,namesilo,,,28/09/2026 10:11
35dcc2f6-67df-4a54-b332-8898f113d704,furthermore.boats,available,1.99,17.29,high,low,11,namesilo,,,17/09/2026 08:41
9e76c262-da60-4637-83ac-e21ce903787a,nickelodeon.boats,available,1.99,,high,low,11,name.com,,,
615562d1-4583-435b-9e0c-1527c4bb2486,shelter.boats,available,1.99,17.29,high,low,7,namesilo,,,30/09/2026 11:05
8470a3b8-cbcf-49e2-80b9-b01373f06b36,openings.boats,available,1.8,21.98,medium,low,8,namecheap,,,20/09/2026 17:50
b4da22ee-db6b-459c-8a2d-455c7867d3f1,clamor.boats,available,1.8,19.98,medium,low,6,namecheap,,,10/08/2026 13:15
f42f4bfc-f7c9-4f54-bc5f-2570fbf10679,syringe.boats,available,1.99,17.29,high,low,7,namesilo,,,30/09/2026 11:09
0767b9c9-c70c-4727-ad83-745deb6ebf14,pulls.boats,available,1.8,21.98,medium,low,5,namecheap,,,16/09/2026 23:15
4da5f91a-d307-4890-8e1d-040d03af4f0e,sailors.boats,available,1.99,14.45,high,low,7,dynadot,,,28/09/2026 13:06
79cbb291-f357-408f-b70d-4cb08a21c1b1,disgust.boats,available,1.54,14.21,high,low,7,porkbun,,,29/09/2026 15:47
5f999a75-a5e6-4f0f-8003-2af71528cd44,coeval.boats,available,1.8,19.98,medium,low,6,namecheap,,,12/08/2026 15:28
99a9572c-4871-4538-a403-319774977abf,shorn.boats,available,1.8,21.98,high,medium,5,namecheap,,,10/09/2026 06:11
ec0c22bc-493e-4703-925f-1d6fb11ae902,badinage.boats,available,1.99,17.29,medium,low,8,namesilo,,,21/09/2026 17:13
95328a1f-d163-415f-b54c-fd5b2df0d30e,pha.boats,available,1.24,13.97,medium,low,3,spaceship,,,29/09/2026 21:39
aad89f5b-6258-4efe-bdd6-2b060da8cae0,sodden.boats,available,1.8,21.98,medium,low,6,namecheap,,,10/09/2026 13:24
8ebba358-50b9-4f0b-b4d6-485e7c880c36,sneezing.boats,available,1.99,17.29,medium,low,8,namesilo,,,30/09/2026 11:18
bbbdc99d-104b-42c1-894e-5e7b4598a07d,clean.boats,premium,2660,2660,high,low,5,namesilo,,,30/09/2026 15:49
7a576238-edff-4fd1-980d-b0c8c9e15e74,alarmingly.boats,available,1.8,21.98,low,low,10,namecheap,,,13/09/2026 18:33
e598fdef-a848-4763-8439-1074bb470c26,diehard.boats,available,1.8,21.98,medium,low,7,namecheap,,,11/09/2026 18:42
c97a2674-b238-4be8-a004-ce0245e16c83,shaykh.boats,available,1.99,17.29,medium,low,6,namesilo,,,30/09/2026 21:57
9ca58138-89b6-4657-b3a8-f98243cc0276,fluvial.boats,available,1.8,19.98,medium,low,7,namecheap,,,18/08/2026 09:35
217e0a0e-b0b9-402f-b157-3154082edadd,sky.boats,premium,2070.2,2070.2,high,medium,3,spaceship,,,30/09/2026 06:48
c16543d8-9b61-4604-8608-75738e425543,nonverbal.boats,available,1.8,21.98,medium,low,9,namecheap,,,03/09/2026 21:00
5cdbb3ad-6dad-4335-a970-4bb587edfeb0,paste.boats,available,1.24,13.97,high,low,5,spaceship,,,29/09/2026 20:56
acff4761-95fb-45c3-9407-bbc75d520968,nonfinite.boats,available,1.8,21.98,medium,low,10,namecheap,,,03/09/2026 18:26
2f2800aa-f8a0-4fd6-b23d-a2ca0bca6cdb,franz.boats,available,1.99,17.29,high,low,5,namesilo,,,29/09/2026 15:16
f2cb401f-f034-4eac-8a43-71bfca21f660,sikorsky.boats,premium,2660,2660,high,low,8,namesilo,,,30/09/2026 17:41
23d5b780-4790-4288-8d13-1ab2f808e7d7,kuomintang.boats,available,1.8,21.98,medium,low,10,namecheap,,,28/09/2026 14:23
318db488-7d04-48df-a9ce-329651c76e11,bobtail.boats,available,1.8,19.98,high,low,7,namecheap,,,10/08/2026 16:39
352fcb70-3906-43d5-b3d1-cc580e24f6eb,auriferous.boats,available,1.99,17.29,medium,low,10,namesilo,,,22/09/2026 13:02
73f6f54e-a648-45b0-b826-0ebe5c5f91e8,schools.boats,available,1.54,14.21,high,low,7,porkbun,,,28/09/2026 08:54
5e472326-6825-4bbf-96ec-60be6f5f8661,abercrombie.boats,available,1.24,13.97,high,medium,11,spaceship,,,29/09/2026 22:37
088f62d8-44a3-4bfa-b203-9f02ead8f7c3,mod.boats,available,1.8,19.98,high,low,3,namecheap,,,25/08/2026 02:27
de3c35ed-536c-417c-8f1b-7fa8b60025a0,radiator.boats,available,1.24,13.97,high,low,8,spaceship,,,29/09/2026 20:06
e3aa798f-078b-48ab-a251-a615f9b1f902,constantine.boats,available,1.99,17.29,high,low,11,namesilo,,,25/09/2026 14:18
d8480d75-8449-4b34-b850-5640394bb877,fearful.boats,available,1.99,17.29,medium,low,7,namesilo,,,24/09/2026 01:08
10940127-50e0-4b64-861f-65dd3fb1bafa,informed.boats,available,1.99,17.29,high,low,8,namesilo,,,25/09/2026 09:34
65427ea0-1150-4dd6-b2a8-3e407c44c817,concorde.boats,available,1.24,13.97,high,low,8,spaceship,,,30/09/2026 06:42
f0950aa0-64fe-45c1-9cae-a002f0b1a795,workers.boats,available,1.99,,high,low,7,name.com,,,
c72ef423-fcce-4d95-b021-a5a5282cdfac,atropa.boats,available,1.99,17.29,medium,low,6,namesilo,,,21/09/2026 00:54
eb79f18c-fb22-4691-b17c-edb74d9b629c,helen.boats,premium,832,832,high,low,5,namesilo,,,25/09/2026 07:10
ef0b2246-3a65-433a-833b-f4bc5a5b8b18,unruffled.boats,available,1.8,21.98,high,medium,9,namecheap,,,08/09/2026 20:15
93c7b5e4-4114-41ad-aead-c9d6414d74a5,peshawar.boats,available,1.99,14.45,medium,low,8,dynadot,,,29/09/2026 19:57
32c11898-ca3e-41e5-924d-227b1eb40a40,splendid.boats,premium,2500,2500,high,low,8,name.com,,,17/08/2026 16:04
fd8493c0-d566-4049-9dc9-498dbf9f443a,granicus.boats,premium,2660,2660,medium,low,8,namesilo,,,22/09/2026 15:08
8267e722-5bd1-4deb-864c-bc96596773a6,zealous.boats,available,1.8,21.98,high,low,7,namecheap,,,13/09/2026 15:10
18bbadc9-998d-4237-a584-145a16cf2f24,toller.boats,available,1.99,17.29,medium,low,6,namesilo,,,23/09/2026 05:41
e63bfc0d-ae7a-4914-9b38-8212fc8ec779,dampen.boats,available,1.99,20.99,medium,low,6,name.com,,,13/08/2026 16:53
488807eb-683d-4e99-b3ed-5c5c367725df,tillers.boats,available,1.8,21.98,medium,low,7,namecheap,,,20/09/2026 14:06
8c496c59-6ccd-4277-8668-4752c8766634,watercress.boats,available,1.8,19.98,medium,low,10,namecheap,,,13/08/2026 06:18
4b23f913-886d-4b3a-b1ae-3418b8fdb625,shaved.boats,available,1.8,21.98,high,medium,6,namecheap,,,10/09/2026 06:08
906495aa-e59f-466a-85e6-5e75e40ad41f,sectorial.boats,available,1.8,21.98,medium,low,9,namecheap,,,10/09/2026 01:22
f17636de-469d-444d-8d11-8421e974236f,dignitary.boats,available,1.99,17.29,high,low,9,namesilo,,,29/09/2026 14:54
dca1b315-3210-4c88-a861-8cc39602baa4,predecessor.boats,available,1.24,13.97,high,low,11,spaceship,,,30/09/2026 11:38
ba2f9fd5-a7dd-497d-961d-b48f55196ef3,inherently.boats,available,1.8,21.98,medium,low,10,namecheap,,,15/09/2026 08:20
6775b403-521c-49b7-94ac-b5285f114cf7,tenanted.boats,available,1.8,21.98,medium,low,8,namecheap,,,11/09/2026 11:09
3bc14b3f-dc0f-44eb-9775-2e00357e2aac,children.boats,available,1.99,15.75,high,low,8,namesilo,,,
7c174a8c-398d-4eff-b359-0cb66b1e25f4,nonfat.boats,available,1.8,19.98,medium,low,6,namecheap,,,17/08/2026 23:23
0151718f-3646-4e98-9a83-673770a19422,survivors.boats,available,1.24,13.97,medium,low,9,spaceship,,,28/09/2026 05:06
fa38b809-8992-42cf-a61c-4365ba0f6c3c,gamely.boats,available,1.8,21.98,high,low,6,namecheap,,,14/09/2026 21:02
0a14fe65-7dd8-4f0c-a7bf-5e223a2cc141,sumner.boats,available,1.54,14.21,high,low,6,porkbun,,,29/09/2026 08:10
79453979-56dc-48ba-87d8-9127184893ef,pupillary.boats,available,1.8,21.98,high,medium,9,namecheap,,,09/09/2026 06:08
63d7c8f5-dd17-4d20-b0d8-2d3865ebff17,wire.boats,available,1.99,17.29,high,low,4,namesilo,,,29/09/2026 05:42
539339fd-e060-43fb-8857-ce98a31858f5,quaint.boats,available,1.8,21.98,high,low,6,namecheap,,,04/09/2026 01:55
2869a128-2503-4484-9652-5805a92ba779,pros.boats,available,1.99,17.29,medium,low,4,namesilo,,,20/09/2026 10:26
2558494c-8770-4855-a886-2891a0c6b8f3,primates.boats,available,1.24,13.97,high,low,8,spaceship,,,30/09/2026 02:24
4f3b8e1e-bf25-46f4-8c1a-137fa2754e8f,chairperson.boats,available,1.99,15.75,high,low,11,namesilo,,,
64b52c7c-d9e1-46cb-bd57-f52f7560f99f,releases.boats,available,1.24,13.97,medium,low,8,spaceship,,,29/09/2026 16:41
b92de42c-3665-4f4b-9a46-4322ca7438da,eponymous.boats,available,1.8,19.98,high,low,9,namecheap,,,17/08/2026 11:29
6de6d2dd-1ae4-4a27-9965-8a6711162ecd,ieee.boats,premium,2660,2660,high,medium,4,namesilo,,,25/09/2026 13:18
4ff84b08-06eb-4e83-8638-eab13693fdb3,nub.boats,available,1.8,21.98,high,low,3,namecheap,,,14/09/2026 23:53
9af1b031-0491-45a4-ab53-63e6500d29da,bare.boats,premium,2660,2660,high,low,4,namesilo,,,22/09/2026 11:54
4ebe1f96-302c-40b8-865e-eaf00d96c476,praise.boats,premium,2070.2,2070.2,high,low,6,spaceship,,,29/09/2026 10:58
f273dc9a-d55b-4c88-ae87-47c560c79cd6,level.boats,available,1.99,17.29,high,medium,5,namesilo,,,24/09/2026 15:32
f12b38b1-6d83-4ba2-8611-5e83e81d4be1,gamin.boats,available,1.8,21.98,medium,low,5,namecheap,,,11/09/2026 14:56
6704b31b-138d-4fa8-ad3d-47a63a5f6689,puritanic.boats,available,1.8,21.98,high,medium,9,namecheap,,,09/09/2026 06:20
33adebd8-9d7b-44bc-b0b9-fef1bd61f2aa,pouring.boats,available,1.8,19.98,high,low,7,namecheap,,,20/08/2026 21:01
729a552b-580a-444d-b8e6-c117e7f866f9,differential.boats,available,1.24,13.97,high,low,12,spaceship,,,29/09/2026 21:05
10775836-4dec-4d91-846f-eb9ac9e275d4,apolune.boats,available,1.8,21.98,medium,low,7,namecheap,,,19/09/2026 18:55
55168efc-a749-45db-94de-a23c0733fede,adansonia.boats,available,1.99,17.29,medium,low,9,namesilo,,,17/09/2026 06:21
0aa8e19c-b098-4d41-90ac-1370dc98f32d,landing.boats,resell,,,high,low,7,,,,30/09/2026 02:04
90dfb294-f281-4ca4-ba37-0541e1f04eb7,bum.boats,available,1.8,19.98,medium,low,3,namecheap,,,09/08/2026 10:49
8f23a34c-bc90-4ccd-a19d-b5bfabb38c4a,soluble.boats,available,1.8,21.98,medium,low,7,namecheap,,,10/09/2026 13:45
0c2d042c-8983-4d94-a2ee-6571ad69b09d,fishes.boats,available,1.99,17.29,high,low,6,namesilo,,,17/09/2026 06:49
4d4a61e3-e413-4cdb-bc4d-e77415a95f08,sweptwing.boats,available,1.8,21.98,medium,low,9,namecheap,,,11/09/2026 05:46
4a279402-718f-4622-81d6-bb2c1760e4aa,solving.boats,available,1.99,17.29,high,low,7,namesilo,,,29/09/2026 02:13
5c2566bb-ac40-4f8a-9fac-4e4ab90c050d,paintpot.boats,available,1.99,,high,low,9,name.com,,,
618b01e3-5696-423c-bdc5-af78985b6072,awestruck.boats,available,1.8,19.98,medium,low,9,namecheap,,,08/08/2026 01:00
e9c69e01-7ba6-42c3-b25a-633227da182c,cebu.boats,available,1.24,13.97,medium,low,4,spaceship,,,28/09/2026 18:38
aaf39d87-9ed5-4bd9-925e-461942094528,nonsocial.boats,available,1.8,21.98,medium,low,9,namecheap,,,03/09/2026 19:18
f1d3f017-8606-41b2-a932-4e2143da7612,slivery.boats,available,1.8,21.98,medium,low,7,namecheap,,,10/09/2026 11:13
7cd0d10f-d20d-4025-9286-a5a7a3962ab5,meister.boats,available,1.24,13.97,high,low,7,spaceship,,,30/09/2026 19:33
d36a9450-dfa2-421b-b3cb-93943b3e8add,activating.boats,available,1.8,19.98,high,low,10,namecheap,,,
a02aa50c-cab7-4c65-b669-eb6bb314b676,puppy.boats,available,1.99,17.29,high,low,5,namesilo,,,27/09/2026 15:27
1b60b9c9-7efb-4f44-bf0b-11d580a7cc38,napped.boats,available,1.8,19.98,medium,low,6,namecheap,,,18/08/2026 07:44
f837ce7a-859c-4a64-bd1a-1fcad9c010c6,elbow.boats,available,1.99,17.29,high,low,5,namesilo,,,20/09/2026 11:23
d7932554-63bc-46b7-8208-a7667998477e,dinners.boats,available,1.8,21.98,medium,low,7,namecheap,,,29/09/2026 05:41
e441081e-f49a-43ce-9a26-5915f31b27a7,springlike.boats,available,1.8,21.98,medium,low,10,namecheap,,,10/09/2026 16:53
7dc4a929-f111-4356-9f61-e45268f21943,challenges.boats,available,1.99,17.29,medium,low,10,namesilo,,,29/09/2026 11:27
010ee566-b556-4cd5-adac-0fcff052221c,broadside.boats,available,1.8,19.98,high,low,9,namecheap,,,11/08/2026 05:04
78a5071f-f5e7-4ab7-9bc0-40bc37ae7c76,satiny.boats,available,1.8,21.98,medium,low,6,namecheap,,,09/09/2026 21:41
202d28c1-9810-412d-b025-fa8bd636a019,assigned.boats,available,1.8,19.98,medium,low,8,namecheap,,,07/08/2026 06:35
c56b5342-c56c-4f00-94c9-ef5082e72361,adiabatic.boats,available,1.8,19.98,medium,low,9,namecheap,,,
35930933-1a21-4bb9-b746-a6b79cac290a,porch.boats,available,1.54,14.21,high,low,5,porkbun,,,27/09/2026 15:20
7fe87063-a423-4136-9dcf-54e8c5fb4831,leaks.boats,available,1.99,17.29,medium,low,5,namesilo,,,18/09/2026 06:46
fe44d5ff-d14a-4e4f-9dd9-5d77470d402c,armour.boats,premium,2660,2660,medium,low,6,namesilo,,,20/09/2026 07:22
7a263154-cefc-4266-9f42-cf1b4a25d25f,stabbing.boats,available,1.8,19.98,medium,low,8,namecheap,,,22/08/2026 19:19
97457252-c47d-45e5-a88b-a2b44ba76b33,nova.boats,premium,832,832,high,medium,4,namesilo,,,29/09/2026 01:44
d19e6d6c-6540-4e88-9c8c-372dfc77dc6d,claptrap.boats,available,1.8,21.98,medium,low,8,namecheap,,,24/09/2026 03:39
4458d631-7eb2-44ee-ab80-ea4c2fdb8abd,becoming.boats,available,1.8,19.98,high,low,8,namecheap,,,09/08/2026 06:08
cf78c765-6364-4f77-812c-57903b2dad6a,microphone.boats,available,1.24,13.97,high,low,10,spaceship,,,29/09/2026 08:27
c76d46f5-1691-4c23-a4b9-0f6d871b86ff,squirting.boats,available,1.8,19.98,medium,low,9,namecheap,,,22/08/2026 13:15
4e44c0d6-7df1-4abf-be8e-cb96616dff36,creaky.boats,available,1.8,19.98,medium,low,6,namecheap,,,06/08/2026 22:59
b3b3bb6a-ac4a-451d-b102-d3c5b9aafe82,catkinate.boats,available,1.8,19.98,medium,low,9,namecheap,,,11/08/2026 22:09
20bfb3e3-e362-47ca-85ea-c2cebbeebdd7,necessary.boats,available,1.99,20.99,high,low,9,name.com,,,24/09/2026 15:21
a4e9839a-27eb-49ad-83b0-04720a363e63,gall.boats,available,1.99,17.29,medium,low,4,namesilo,,,23/09/2026 15:42
e7a4d7a0-9582-4772-b9b0-e8ed184978cc,forfeit.boats,available,1.8,19.98,high,low,7,namecheap,,,12/08/2026 21:00
b3e8751c-be7c-495b-a0d2-978ed9bc25ad,heterodyne.boats,available,1.8,19.98,medium,low,10,namecheap,,,21/08/2026 07:29
fb1f393e-4429-4c41-95ff-b02acdb3c495,allograph.boats,available,1.99,17.29,medium,low,9,namesilo,,,18/09/2026 11:54
02306ad2-428a-4c13-8240-407c1ec27549,urge.boats,available,1.24,13.97,high,low,4,spaceship,,,28/09/2026 19:09
6aada0b0-9967-42ca-9c1b-9bf0c8df3c9a,constancy.boats,available,1.8,21.98,high,low,9,namecheap,,,24/09/2026 17:32
52af19f3-5528-4732-9209-ebd91a696391,cards.boats,premium,2660,2660,high,low,5,namesilo,,,24/09/2026 12:49
1d9b0974-bd28-41ae-ab95-d8dcddf151dc,exec.boats,available,1.24,13.97,high,low,4,spaceship,,,29/09/2026 18:26
f7993086-f29a-4107-a1be-2014cf1e2032,pantheist.boats,available,1.8,21.98,medium,low,9,namecheap,,,05/09/2026 01:06
d968756b-07fd-4458-9f40-ba6fbbccb098,companies.boats,available,1.99,17.29,high,low,9,namesilo,,,01/10/2026 02:54
69dcdede-2b5d-439b-a18e-598655d50599,blowout.boats,available,1.99,14.45,high,low,7,dynadot,,,27/09/2026 16:59
37c9487c-4740-49b8-a864-4e7a7555ac59,pursy.boats,available,1.8,21.98,high,medium,5,namecheap,,,09/09/2026 06:28
a0d791ac-6326-4789-9c1e-7359db7536b2,keister.boats,available,1.8,19.98,low,low,7,namecheap,,,09/08/2026 11:08
081b81ac-5259-4ca6-96c4-25da1bca2c3e,abrachia.boats,available,1.99,17.29,medium,low,8,namesilo,,,16/09/2026 16:47
9ad83159-8f38-4dde-95c9-c5f5b587a84e,zombies.boats,available,1.99,17.29,medium,low,7,namesilo,,,18/09/2026 03:58
69970626-30e2-40fb-8962-a6dce6ab5adf,psychological.boats,available,1.99,17.29,medium,low,13,namesilo,,,28/09/2026 04:31
e0827c9d-c2b9-43cc-b7c9-54bac5ad757a,cornwall.boats,available,1.99,17.29,medium,low,8,namesilo,,,29/09/2026 06:24
79ea57ac-2818-4e74-b74f-1018eead8c95,fuego.boats,available,1.8,21.98,high,low,5,namecheap,,,30/09/2026 09:50
907364f2-0a47-4d86-ae85-90fcab7f7be3,targets.boats,available,1.99,17.29,medium,low,7,namesilo,,,18/09/2026 15:18
fe4b3a80-67de-4c95-93a5-11b415c410a9,unleaded.boats,available,1.8,19.98,high,low,8,namecheap,,,22/08/2026 21:46
17862bb6-5ee3-4a23-b5f3-55ebac7e1756,uncoiled.boats,available,1.8,21.98,medium,low,8,namecheap,,,12/09/2026 05:44
5a422790-0aea-43f1-bfd2-e05efd2bce29,asterope.boats,available,1.8,21.98,medium,low,8,namecheap,,,20/09/2026 17:16
f6ac5cab-e8d7-47fc-9ce4-680e2a9e8a83,briefs.boats,available,1.99,17.29,high,low,6,namesilo,,,29/09/2026 04:18
bc18769b-63a3-4076-95db-164883c5995b,aliment.boats,available,1.8,21.98,medium,low,7,namecheap,,,18/09/2026 07:56
c6a19f19-1f84-4636-a4eb-dedb21613ac6,genetic.boats,available,1.8,19.98,high,low,7,namecheap,,,18/08/2026 21:31
87a5049d-9546-4069-825e-d1e5d2b00570,conservatory.boats,available,1.99,14.45,high,low,12,dynadot,,,29/09/2026 03:18
1042a0c7-b2cf-4453-b21e-7efeceefd0b1,slave.boats,available,1.24,13.97,high,low,5,spaceship,,,29/09/2026 22:14
7f78166e-00b3-4973-8e61-56dd25a3fb0e,crayon.boats,available,1.8,21.98,high,low,6,namecheap,,,24/09/2026 19:11
d813205c-787f-4974-8d33-43725f7c92c6,preachy.boats,available,1.8,21.98,high,medium,7,namecheap,,,09/09/2026 01:07
6cb3dd91-5394-4ab1-b6ef-1a036bd497c2,management.boats,available,1.99,17.29,high,low,10,namesilo,,,19/09/2026 14:24
f7d42f21-6230-4b58-a0ca-d072eec89e78,ceylonese.boats,available,1.8,19.98,high,low,9,namecheap,,,12/08/2026 01:10
ae7729d6-0e40-42e3-a9ac-6fc1a9cf1ca3,emblazon.boats,available,1.99,17.29,high,low,8,namesilo,,,24/09/2026 05:09
10fe7dad-a707-40d8-9a32-7b815fbea39c,sightseeing.boats,available,1.24,13.97,high,low,11,spaceship,,,30/09/2026 14:59
2cbf9a60-86ba-4637-9cfe-9cab2d13e10e,efferent.boats,available,1.8,19.98,medium,low,8,namecheap,,,15/08/2026 14:22
c113ee1b-162e-4996-83e9-e7347ef31b69,publications.boats,available,1.99,17.29,medium,low,12,namesilo,,,30/09/2026 15:38
095d5198-e02e-43d0-b5cd-da65683bf7f8,litigation.boats,available,1.99,17.29,high,low,10,namesilo,,,30/09/2026 02:06
05646b79-4f61-4a5a-a501-08017ddda487,condemn.boats,available,1.99,17.29,medium,low,7,namesilo,,,30/09/2026 10:53
e10ae9c0-75c8-46f3-bd1f-413165080cbd,abeyance.boats,available,1.8,21.98,medium,low,8,namecheap,,,16/09/2026 15:20
e50dec3f-d3c5-403a-b45a-ab2101e22f78,jiffy.boats,available,1.8,19.98,high,low,5,namecheap,,,22/08/2026 07:30
96677183-b0ac-41cf-a63b-6babaa28fab1,prurient.boats,available,1.8,19.98,medium,low,8,namecheap,,,24/08/2026 11:58
3ef7c0d5-dccf-4123-a38f-b6ebe636a907,balboa.boats,premium,2600,2600,medium,low,6,namecheap,,,21/09/2026 21:24
10e196c6-e9b8-4053-9f23-3d43448701b6,initiation.boats,available,1.99,17.29,high,low,10,namesilo,,,29/09/2026 12:23
2f246093-49ba-4431-ba7f-85df2b27323b,covers.boats,available,1.99,17.29,high,low,6,namesilo,,,27/09/2026 09:49
37d4b2db-faab-4164-aef1-e0796f3d9ec3,advertise.boats,available,1.24,13.97,high,low,9,spaceship,,,29/09/2026 20:39
547d7e1d-a56e-40af-b367-e96858fe0c98,factors.boats,available,1.24,13.97,medium,low,7,spaceship,,,29/09/2026 10:49
bd462b33-508e-45f4-a447-d128c85fe21a,fallen.boats,available,1.99,17.29,high,low,6,namesilo,,,24/09/2026 16:26
1a63bf25-9508-40f5-b4bd-cd34b989b7f4,suspense.boats,available,1.24,13.97,high,low,8,spaceship,,,30/09/2026 12:39
e6a59948-a420-4c69-acd8-cd1e8dcc780b,regulations.boats,available,1.24,13.97,medium,low,11,spaceship,,,28/09/2026 04:25
4b35785f-b65f-42b4-a879-1dfd1037e630,artful.boats,available,1.8,19.98,high,low,6,namecheap,,,06/08/2026 22:44
cd573501-7282-41de-a11f-9ada70797ac2,moneron.boats,available,1.8,19.98,medium,low,7,namecheap,,,25/08/2026 04:30
90ce2bb9-2928-4a75-a1ba-3f72e16211df,armoured.boats,available,1.8,19.98,medium,low,8,namecheap,,,06/08/2026 20:10
e7ec9672-923d-4b54-adfa-bd767b984fbc,walkaway.boats,available,1.8,21.98,medium,low,8,namecheap,,,09/09/2026 19:32
cad96e23-eadb-46f5-9ebd-1fb6e6b15a78,optional.boats,available,1.8,21.98,high,low,8,namecheap,,,04/09/2026 17:10
7e594839-8503-4866-bd6f-d170e68adfd9,rob.boats,available,1.99,17.29,high,low,3,namesilo,,,25/09/2026 22:49
4f627be1-3c4a-4851-bf58-1ef8c14647b1,consecrate.boats,available,1.8,19.98,high,low,10,namecheap,,,12/08/2026 22:25
403c84c8-bd2c-4553-85f1-50c5e28f3c9c,healey.boats,available,1.99,17.29,medium,low,6,namesilo,,,29/09/2026 04:32
125b16a1-9920-4bb4-ae8b-68cbe8e01f43,fatuous.boats,available,1.8,19.98,low,low,7,namecheap,,,07/08/2026 02:39
ce93ff0f-481b-4eb4-be88-9eb7e1e95495,actinoid.boats,available,1.8,19.98,medium,low,8,namecheap,,,
1a81d06d-b175-44e2-9f5e-61abe940b47a,cunning.boats,available,1.8,21.98,medium,low,7,namecheap,,,24/09/2026 01:26
375c2022-0de3-43d0-b02a-722e4448583c,teeming.boats,available,1.8,21.98,medium,low,7,namecheap,,,11/09/2026 10:05
7ce256f6-fdab-4b6f-ad30-f5bd1c1b5158,innovator.boats,available,1.24,13.97,high,low,9,spaceship,,,28/09/2026 02:49
2fc6b2b7-a286-4f08-99a2-7fee2ef895ab,gimpy.boats,available,1.8,19.98,medium,low,5,namecheap,,,13/08/2026 07:05
c16e6211-07d6-43fb-bc12-3e25253d3b56,attainment.boats,available,1.99,17.29,high,low,10,namesilo,,,17/09/2026 02:38
25281c60-1861-43c8-9ade-085736467e09,invoke.boats,available,1.24,13.97,high,low,6,spaceship,,,30/09/2026 19:10
1272075c-e358-497f-b893-6c86cd2e7e9e,ashur.boats,available,1.99,17.29,medium,low,5,namesilo,,,20/09/2026 13:50
dc4f4cbd-c63d-4f95-acc4-184da7d8b7db,shrinkable.boats,available,1.8,21.98,high,medium,10,namecheap,,,10/09/2026 06:57
a63a0614-04b5-4dca-8c9c-b78ed874dcfb,sasha.boats,available,1.24,13.97,high,low,5,spaceship,,,28/09/2026 08:29
7552c0ff-6b13-40d5-b997-abdd36a22b91,half.boats,available,1.8,21.98,high,low,4,namecheap,,,24/09/2026 23:16
a00e73b5-6562-4a52-b5be-233d86cc80ef,kanagawa.boats,available,1.99,14.45,high,low,8,dynadot,,,30/09/2026 05:13
42c9ee79-027e-4467-88b6-cd0684cf7207,treatments.boats,available,1.24,13.97,medium,low,10,spaceship,,,29/09/2026 04:46
146fc38a-0b9b-4f5d-bdaa-9647e9b9dd29,irwin.boats,available,1.8,21.98,medium,low,5,namecheap,,,25/09/2026 20:02
266fa635-356c-4cfd-b2f9-4e57ff4e7897,asynergy.boats,available,1.8,21.98,medium,low,8,namecheap,,,20/09/2026 18:52
cb78f6d0-bd3c-4893-9fc8-fde71421ff19,epidermic.boats,available,1.99,20.99,medium,low,9,name.com,,,13/08/2026 13:09
4faa5621-0f97-4ae1-a92b-e7d4ac400c8b,bricole.boats,available,1.99,17.29,medium,low,7,namesilo,,,20/09/2026 00:36
4f95bbc0-6306-469e-a9e0-c34335b43b85,silas.boats,available,1.99,17.29,high,low,5,namesilo,,,27/09/2026 19:41
ed7565c1-94f0-400e-941b-4471d60f3324,raphael.boats,available,1.8,21.98,high,low,7,namecheap,,,29/09/2026 13:44
4e858974-5a91-470b-bf0d-9131feaad753,timing.boats,available,1.99,17.29,high,low,6,namesilo,,,27/09/2026 05:40
aa2f6ca7-fd6a-44a9-bcb7-fe26a8c0e092,amain.boats,available,1.8,21.98,medium,low,5,namecheap,,,13/09/2026 19:25
b2640cce-a5b9-415c-886a-6c28dc241235,trip.boats,premium,845,15.73,high,low,4,namecheap,,,
594f6fa9-716f-43cd-9b9a-7f0e84f8f9b7,arachnid.boats,available,1.99,17.29,medium,low,8,namesilo,,,19/09/2026 23:40
9f7aa28d-ea8d-42f5-992a-85bb455e24df,outdated.boats,available,1.8,21.98,medium,low,8,namecheap,,,26/09/2026 03:15
ade5a3a3-0a3d-4ca1-908d-e8759a9add7f,appalled.boats,available,1.8,19.98,medium,low,8,namecheap,,,
c1256a4a-efa6-446a-9c9a-875ec3633a16,inspire.boats,available,1.99,17.29,high,medium,7,namesilo,,,22/09/2026 04:50
111380c3-5e5c-4a3f-9440-f32b6fe6cba1,digitate.boats,available,1.8,19.98,medium,low,8,namecheap,,,14/08/2026 07:19
dd578f97-c339-40f6-8960-215cb8e026d8,okey.boats,available,1.8,21.98,medium,low,4,namecheap,,,03/09/2026 23:19
8b56835c-38fc-4abc-8e43-3728b7f16340,aesthesia.boats,available,1.99,17.29,medium,low,9,namesilo,,,17/09/2026 13:26
fde034be-64fe-4934-9dbe-84c9d695b163,hannukah.boats,available,1.99,14.45,medium,low,8,dynadot,,,29/09/2026 08:07
7ec843c8-1654-4dd1-84f5-693328ad028e,josephine.boats,premium,710.1,710.1,high,low,9,porkbun,,,28/09/2026 12:04
71e8e584-89f3-449f-83f1-415b49955a8c,bathrooms.boats,available,1.24,13.97,medium,low,9,spaceship,,,30/09/2026 07:24
ceef0e2c-40bc-4cf0-883e-27aaec7cd30e,edi.boats,available,1.24,13.97,high,low,3,spaceship,,,30/09/2026 23:37
04c552b2-4892-4932-a37b-50a8f11b6330,pellmell.boats,available,1.8,19.98,medium,low,9,namecheap,,,21/08/2026 01:07
f3c1dd92-0602-4627-bebd-b0c7edd55f4e,piggish.boats,available,1.8,19.98,medium,low,7,namecheap,,,21/08/2026 10:18
707fd338-912b-4e1c-a03f-3c821381061e,stereotype.boats,available,1.54,14.21,high,low,10,porkbun,,,30/09/2026 12:02
dd9df1a8-4bd1-4da2-b952-9efc64dac5ef,delusive.boats,available,1.8,19.98,medium,low,8,namecheap,,,14/08/2026 00:53
ddc3c253-0662-48fa-a463-6ccabca44bca,rub.boats,available,1.99,17.29,high,low,3,namesilo,,,28/09/2026 10:09
d7c46c09-6f37-4646-be41-d9e3a6172961,aluminous.boats,available,1.8,19.98,medium,low,9,namecheap,,,
b434a003-123f-46bf-bca5-a302b9735ce1,scour.boats,available,1.8,21.98,high,low,5,namecheap,,,10/09/2026 00:23
30e00b09-611e-409f-9766-67bca2c052de,aidan.boats,available,1.24,13.97,high,low,5,spaceship,,,29/09/2026 15:22
9ca8984e-1f70-44f2-aaf6-4fb8cbc17dbd,boxy.boats,available,1.8,19.98,medium,low,4,namecheap,,,10/08/2026 23:58
81811f00-76f0-43ed-a94d-a8c8085c47b2,embryo.boats,available,1.99,17.29,high,low,6,namesilo,,,30/09/2026 16:45
12bec6ed-ad03-4749-a2e3-8e8ef9a81cda,triad.boats,available,1.8,19.98,high,low,5,namecheap,,,
5b5de1f3-20f5-4aa5-a661-634fdb777e1b,spindly.boats,available,1.8,21.98,high,medium,7,namecheap,,,10/09/2026 15:39
9438d722-ca4f-4a68-987f-35a4fb69c021,effectively.boats,available,1.99,17.29,medium,low,11,namesilo,,,01/10/2026 04:53
e448f97e-cf0c-420d-bdb8-2079b4d81b41,measurably.boats,available,1.8,21.98,medium,low,10,namecheap,,,15/09/2026 13:50
6fb30ec9-5461-4be8-8d38-dd1443ecaa14,molten.boats,available,1.8,19.98,high,low,6,namecheap,,,25/08/2026 03:57
935958ca-5680-4cc0-a60b-110fef36a142,resilient.boats,premium,812.5,20.99,high,low,9,name.com,,,10/08/2026 21:47
aaa4f9ed-53d2-4e32-a7d6-91462228c4e9,unacceptable.boats,available,1.99,,medium,low,12,name.com,,,
2852d432-f4b5-4e1f-b67c-3f6d922a391a,unnumbered.boats,available,1.8,19.98,medium,low,10,namecheap,,,13/08/2026 03:46
b0bcb83b-708b-4292-82ce-c29c0baeeb8c,vaulted.boats,available,1.8,19.98,high,low,7,namecheap,,,14/08/2026 15:39
0493dfca-450c-4ef7-a2a4-ee353a7b678b,traps.boats,available,1.99,17.29,high,low,5,namesilo,,,20/09/2026 04:06
f85f695d-e4a4-4d33-ad79-1ea0aa41f96a,tipperary.boats,available,1.99,17.29,medium,low,9,namesilo,,,29/09/2026 09:36
2bd3f0e2-29b3-49dd-86c7-db094436a58b,amnios.boats,available,1.99,17.29,medium,low,6,namesilo,,,18/09/2026 22:26
59902470-76f4-4e1b-8eb5-3328d9d03056,sulfur.boats,available,1.99,17.29,high,low,6,namesilo,,,20/09/2026 22:28
242319e6-ea16-4a9c-9eaa-c0533c1165e0,unwise.boats,available,1.8,21.98,medium,low,6,namecheap,,,12/09/2026 22:42
a6821b9f-0cf3-4fb4-921e-5a22e63fbf17,valet.boats,available,1.24,13.97,high,low,5,spaceship,,,29/09/2026 19:00
671db33f-35c2-418b-a153-50a8db8fe473,nebular.boats,available,1.8,19.98,medium,low,7,namecheap,,,12/08/2026 12:39
defd873b-bfc0-481e-b820-6c10d31578e0,spread.boats,available,1.99,14.45,high,low,6,dynadot,,,28/09/2026 08:38
bced1605-aab3-4ef6-8344-eed65ae9d47d,ranted.boats,available,1.8,21.98,low,low,6,namecheap,,,20/09/2026 16:55
4a3d84c6-0066-4710-aea6-c1678e721a1d,hallowed.boats,available,1.8,19.98,high,low,8,namecheap,,,20/08/2026 22:52
fee41c80-a5e2-4562-86d1-4cf5dd095812,coulson.boats,available,1.99,14.45,medium,low,7,dynadot,,,30/09/2026 21:34
397321eb-4f67-4f80-86b7-806aee55d8da,occupant.boats,available,1.8,21.98,high,low,8,namecheap,,,09/09/2026 14:52
b8e098a4-8751-418a-98ab-1ad9220970b6,corbin.boats,available,1.8,21.98,medium,low,6,namecheap,,,28/09/2026 07:42
1000318e-e93c-4082-ab59-fa4827b1cc6d,urged.boats,available,1.99,17.29,medium,low,5,namesilo,,,19/09/2026 03:59
d9f0ab24-62d6-42d5-8473-ab2afc5e3768,msn.boats,premium,2600,2600,high,medium,3,namecheap,,,30/09/2026 20:48
fdbf29b5-9be8-406e-8898-8e22922e532b,backhoe.boats,available,1.99,17.29,medium,low,7,namesilo,,,21/09/2026 15:37
532e814a-5beb-4e9b-bc0f-2c73507a8e03,queried.boats,available,1.8,21.98,medium,low,7,namecheap,,,20/09/2026 15:21
156b62da-f457-41c9-b680-859a76ef3dcd,delphic.boats,available,1.8,19.98,medium,low,7,namecheap,,,14/08/2026 00:46
bba0bf41-a022-4423-9e17-54f6deb8ff2d,vanishing.boats,available,1.24,13.97,medium,low,9,spaceship,,,29/09/2026 20:33
90dc92d1-dfd3-4870-a624-a55eab6dbb95,monatomic.boats,available,1.8,19.98,medium,low,9,namecheap,,,25/08/2026 04:12
e7800cb2-9e8b-439e-abcf-0f3b0fb43b88,manfred.boats,available,1.99,17.29,high,low,7,namesilo,,,28/09/2026 07:56
d9c26875-ca83-45d4-ad2e-79f29b2fda86,insincere.boats,available,1.8,19.98,medium,low,9,namecheap,,,22/08/2026 07:08
27e23ee1-354d-49c9-95f6-feebb64a0189,blighted.boats,available,1.8,19.98,medium,low,8,namecheap,,,10/08/2026 14:17
cb322701-3f03-47bc-a739-26e41c5e698f,saman.boats,available,1.8,21.98,high,low,5,namecheap,,,18/09/2026 03:12
e0939830-1350-4601-b6fd-5a5916eebd3d,pianos.boats,available,1.99,17.29,medium,low,6,namesilo,,,20/09/2026 09:12
70b5917b-e517-4606-b46f-fc35b099e720,fearless.boats,available,1.8,21.98,high,low,8,namecheap,,,22/09/2026 12:19
0385f7a3-4b6c-427c-b2cd-b7fda39e052f,bassoonist.boats,available,1.99,20.99,medium,low,10,name.com,,,22/09/2026 12:33
5d37fb64-1f83-49dc-9403-1d9a3e579baa,step.boats,available,1.24,13.97,high,low,4,spaceship,,,28/09/2026 17:14
ebd8b7b2-8e44-493c-890c-d069362a26e1,saxophone.boats,available,1.24,13.97,high,low,9,spaceship,,,29/09/2026 20:17
aafa96a5-2f75-464b-9cd0-db6e09d7f81d,tolerant.boats,available,1.8,19.98,high,low,8,namecheap,,,22/08/2026 19:55
6c212bdb-69ce-4154-a6f6-54a0734a71ac,ameer.boats,available,1.8,21.98,medium,low,5,namecheap,,,18/09/2026 18:04
ab1796fb-dd83-4896-9f9f-63c9caf12eac,hodgkin.boats,available,1.99,17.29,medium,low,7,namesilo,,,18/09/2026 01:43
59918879-1f80-4241-8a53-f9e24110c64d,robson.boats,available,1.99,17.29,high,low,6,namesilo,,,28/09/2026 08:01
d86673cf-b7c3-48f6-98b5-64feb0707446,delusional.boats,available,1.8,19.98,medium,low,10,namecheap,,,14/08/2026 00:51
14821b06-d174-4250-af8b-ec8cacf96d07,finalized.boats,available,1.8,21.98,medium,low,9,namecheap,,,17/09/2026 13:05
d21e7c30-21b2-4522-80d2-3011325f9ece,xxxv.boats,available,1.8,19.98,medium,low,4,namecheap,,,
928c67a8-a879-4920-95af-0a79ead664e6,hesperides.boats,available,1.99,17.29,medium,low,10,namesilo,,,20/09/2026 21:44
0ba4e01f-6396-4f51-8cc8-137f530452be,dementia.boats,available,1.99,17.29,high,low,8,namesilo,,,24/09/2026 21:47
ba6882d4-fdcf-4176-b059-3b1728fa20e6,kamchatka.boats,available,1.99,14.45,medium,low,9,dynadot,,,30/09/2026 21:23
934f349c-d97c-4ed2-87d2-ff45d3823791,billet.boats,available,1.99,17.29,high,low,6,namesilo,,,23/09/2026 10:14
99e25dce-6a6a-44dd-98b8-61dd497fd50e,introspection.boats,available,1.99,17.29,high,low,13,namesilo,,,17/09/2026 06:54
980e0765-d4d6-46e1-99d2-b6de2f0faf21,adhocracy.boats,available,1.99,17.29,medium,low,9,namesilo,,,17/09/2026 08:02
5073ad4e-2b6b-4f88-bf9c-2de4dada1e90,economy.boats,available,1.8,21.98,high,low,7,namecheap,,,08/09/2026 12:29
c6851288-e2b0-4784-ba4a-24d6f467b765,bloodshed.boats,available,1.24,13.97,medium,low,9,spaceship,,,30/09/2026 08:05
a40fd94b-4156-400e-8fcd-a63c905169ed,overgrown.boats,available,1.8,21.98,medium,low,9,namecheap,,,04/09/2026 20:42
3f85fb84-4530-4cfc-8023-19cc9543f7d3,feathery.boats,available,1.8,19.98,high,low,8,namecheap,,,18/08/2026 00:18
29e9bb59-dac1-4864-b4b1-915423ffb5be,binomial.boats,available,1.8,19.98,high,low,8,namecheap,,,10/08/2026 00:30
7b0b2fd8-ece9-44f8-a08b-367ad83ae0d2,hamm.boats,available,1.99,17.29,medium,low,4,namesilo,,,29/09/2026 21:55
9ba4ec37-6189-49e4-a6f2-26d20ad42994,synoptical.boats,available,1.8,21.98,medium,low,10,namecheap,,,11/09/2026 06:35
30938b53-c8a0-43cb-91b4-7a1421e161b0,trex.boats,premium,2600,2600,high,low,6,namecheap,,,21/09/2026 01:38
8b9201a1-a2aa-43b8-aff2-2281b1a2883e,snore.boats,available,1.99,17.29,high,low,5,namesilo,,,30/09/2026 11:22
d40ec59b-0246-47a1-89e5-e4b84f905338,bathurst.boats,available,1.24,13.97,medium,low,8,spaceship,,,28/09/2026 16:46
13e4f0ce-165d-401a-9927-f83279e9821f,drudgery.boats,available,1.8,21.98,medium,low,8,namecheap,,,08/09/2026 21:19
c8019624-4553-4fbe-ac4a-e64287525b0b,unbridled.boats,available,1.8,21.98,high,low,9,namecheap,,,12/09/2026 04:31
e708b7c5-4790-464e-86ad-d1bb2510facf,adjustor.boats,available,1.99,17.29,medium,low,8,namesilo,,,17/09/2026 08:34
483037ef-9024-4763-b65b-6c4f2b5dd686,called.boats,available,1.99,15.75,high,low,6,namesilo,,,
6a1e58b8-4292-446f-b290-3db1eaec2506,stunner.boats,available,1.8,19.98,high,low,7,namecheap,,,22/08/2026 16:40
ccf3ec2f-bc82-4542-912d-2c5c3317ad3a,fulminant.boats,available,1.8,19.98,medium,low,9,namecheap,,,18/08/2026 18:18
9c96c205-1809-4586-ba07-b0a85272395b,sweetly.boats,available,1.8,21.98,high,low,7,namecheap,,,11/09/2026 05:33
1427fc9a-f142-46a6-952d-9e5697d3f45d,gangs.boats,available,1.99,17.29,low,low,5,namesilo,,,28/09/2026 13:19
5776b599-ddbb-4541-a183-18978c996f23,dumps.boats,available,1.99,17.29,high,low,5,namesilo,,,30/09/2026 09:26
4225a253-bb70-4edf-aec5-e9713f771666,antsy.boats,available,1.8,19.98,medium,low,5,namecheap,,,05/08/2026 20:27
31e336ef-a1ed-455e-92b9-5985d2cda925,bazar.boats,available,1.8,21.98,high,low,5,namecheap,,,22/09/2026 18:23
0abffeb5-28f3-458d-a1ba-6e1da845648c,govern.boats,available,1.99,17.29,high,low,6,namesilo,,,29/09/2026 13:54
a4d12377-4c04-41f2-8afa-e4dfecdc5b1f,ballup.boats,available,1.99,17.29,medium,low,6,namesilo,,,21/09/2026 23:27
ac7c6f39-dd4d-4a20-b420-50c531bb51bc,comet.boats,available,1.99,17.29,high,low,5,namesilo,,,29/09/2026 00:28
bf4037dc-a712-4e51-bb68-e0fefcfb8a0a,outwear.boats,available,1.8,21.98,medium,low,7,namecheap,,,13/09/2026 09:15
a8cb7dda-ac37-4615-8905-7c007022131b,strife.boats,available,1.99,17.29,high,low,6,namesilo,,,24/09/2026 22:33
0da8c284-1628-47e9-b298-5fd97919af78,terrifying.boats,available,1.99,25.99,medium,low,10,godaddy,,,28/09/2026 02:19
3e600b67-1b7f-46f6-baa5-a1662a2b1345,dope.boats,available,1.8,19.98,high,low,4,namecheap,,,24/08/2026 10:28
a8a758a5-9c89-47fd-9272-e084e146eb3f,dilate.boats,available,1.8,19.98,high,low,6,namecheap,,,16/08/2026 00:39
0e8b989d-6887-43bb-980c-56872859c7b5,replies.boats,available,1.99,20.99,medium,low,7,name.com,,,18/09/2026 09:15
d1ab6c9f-c659-47c1-a6e1-f30e0a84d65d,condolences.boats,available,1.99,15.75,medium,low,11,namesilo,,,
df8d4cd4-995b-45ce-9d17-e803f5458185,kandahar.boats,available,1.99,17.29,medium,low,8,namesilo,,,01/10/2026 02:47
9fdbec1d-6989-4dd2-a897-e3440410225d,coincident.boats,available,1.8,19.98,medium,low,10,namecheap,,,12/08/2026 13:18
8ad9b2bf-1ca6-42c9-ace1-e29d9757f091,zonary.boats,available,1.8,21.98,medium,low,6,namecheap,,,13/09/2026 15:31
ff0cf353-06fc-437e-bdb3-0cc86a9467c2,deputy.boats,available,1.24,13.97,high,low,6,spaceship,,,29/09/2026 14:04
7ab281b5-869b-4255-a839-6b0e4a28a420,ransomed.boats,available,1.8,21.98,high,medium,8,namecheap,,,09/09/2026 10:17
2315854f-434a-471e-ab84-aa07f5704e88,piece.boats,available,1.99,17.29,high,low,5,namesilo,,,20/09/2026 09:57
d2469f04-a16f-4dc2-a4d2-d0e3ab6b87a9,smelling.boats,available,1.24,13.97,high,low,8,spaceship,,,27/09/2026 22:56
d8c97c10-1c1e-4f58-b9fa-fcaa5ab0f46e,insomnia.boats,available,1.99,17.29,high,low,8,namesilo,,,29/09/2026 13:08
9a8387f8-4a97-4334-8671-7c6596c5aec9,biometry.boats,available,1.8,21.98,high,low,8,namecheap,,,23/09/2026 18:35
2b9e2cc4-d04a-4f9f-8f20-271e2e8b70a2,provencal.boats,available,1.8,21.98,medium,low,9,namecheap,,,09/09/2026 04:28
127aa197-2dae-4fab-8519-a36c2e69bf22,ozark.boats,available,1.24,13.97,high,low,5,spaceship,,,28/09/2026 21:30
4c18e7ff-a51c-489c-98c0-8e89b28c2d40,indicate.boats,available,1.99,17.29,high,low,8,namesilo,,,27/09/2026 05:02
e062fc44-797d-4521-a1e5-58f08bf55d5b,alexei.boats,available,1.99,17.29,high,low,6,namesilo,,,29/09/2026 10:07
0fdb23db-1c61-4c56-b5de-0f3250fdcca0,coward.boats,available,1.8,21.98,medium,low,6,namecheap,,,24/09/2026 18:55
f680cd82-6bc8-42f5-a4a2-340c9dba22bd,gia.boats,available,1.99,17.29,high,low,3,namesilo,,,20/09/2026 06:34
37cd195d-ae1a-4b30-9635-06e3c61ab148,grape.boats,available,1.24,13.97,high,low,5,spaceship,,,29/09/2026 08:23
dfd80cd0-7f99-4b8c-b3b9-72e455fd26d6,distribute.boats,available,1.99,17.29,high,low,10,namesilo,,,28/09/2026 00:20
a5ae1347-8fa1-4407-8ba7-3e0717748059,obstetric.boats,available,1.8,21.98,medium,low,9,namecheap,,,04/09/2026 00:03
650cfb3d-36f8-4e42-9ae5-60ffeab03988,elysian.boats,available,1.8,19.98,high,low,7,namecheap,,,16/08/2026 06:18
f0afc5ee-04db-4c30-985f-15ebc1e7ea92,humiliated.boats,available,1.8,19.98,medium,low,10,namecheap,,,21/08/2026 15:03
6426255f-85d9-44ed-b6e5-12d63ed58b77,raton.boats,available,1.24,13.97,medium,low,5,spaceship,,,28/09/2026 22:49
d3fa4c05-4261-4ed5-aeab-6d7691d4f332,rostrate.boats,available,1.8,21.98,high,medium,8,namecheap,,,09/09/2026 18:45
9987319c-e129-4ad3-bcb5-2146a8c31ca2,marta.boats,available,1.99,17.29,high,low,5,namesilo,,,27/09/2026 17:44
9183e5d2-629f-4039-b3a0-c3ebc349beb3,chose.boats,available,1.99,17.29,high,low,5,namesilo,,,30/09/2026 22:35
6ee5eeea-8723-4b2f-9f51-599dd512242c,appointed.boats,available,1.8,19.98,medium,low,9,namecheap,,,06/08/2026 07:21
a4627bf6-27a3-4cad-8708-bdbdf0a327bf,selma.boats,available,1.24,13.97,high,low,5,spaceship,,,28/09/2026 03:04
218c1d1e-f3ea-4b0c-8b1a-8cc9152082b5,kettle.boats,available,1.99,14.45,high,low,6,dynadot,,,28/09/2026 19:37
ecf1a651-41b7-40e1-babd-d9688a2f4b82,downwind.boats,available,1.8,19.98,high,low,8,namecheap,,,14/08/2026 18:03
2e302923-f0e1-4913-9a53-67e86d71689a,polemical.boats,available,1.8,21.98,medium,low,9,namecheap,,,08/09/2026 22:53
7439cebc-7b16-46d5-8c44-de6486a06124,mazy.boats,available,1.8,19.98,medium,low,4,namecheap,,,22/08/2026 17:42
703ba44a-1dbb-4114-9e07-e58f816d6b2e,aboriginal.boats,available,1.8,19.98,high,low,10,namecheap,,,
061a70ee-88b4-49d3-a563-10de5ee65acb,dryly.boats,available,1.8,21.98,medium,low,5,namecheap,,,14/09/2026 14:21
c4d867b4-e485-4b68-9345-2788c0667676,algometric.boats,available,1.8,19.98,medium,low,10,namecheap,,,
9b1e20cb-1a13-444d-8ea5-c846bbcea931,nist.boats,available,1.8,21.98,high,low,4,namecheap,,,29/09/2026 19:44
6782f9a6-fda2-461c-bc20-50b98b969a04,cathectic.boats,available,1.8,19.98,medium,low,9,namecheap,,,11/08/2026 21:45
ba7ee4d6-5c19-4546-9f48-8d2c2a6d05ff,guatemalan.boats,available,1.8,19.98,high,low,10,namecheap,,,20/08/2026 20:45
0a2bedd5-5bba-4a7f-a59b-aa8f0d13447f,anaphor.boats,available,1.99,17.29,medium,low,7,namesilo,,,19/09/2026 02:12
37ef4f26-2d6d-4b0e-b8c9-583c8d77a9f3,coaster.boats,available,1.24,13.97,high,low,7,spaceship,,,28/09/2026 18:46
0a1ba66a-83df-4e37-8b5b-d073d8867c40,unmixed.boats,available,1.8,21.98,medium,low,7,namecheap,,,12/09/2026 06:02
1777528c-5f14-43ca-9eb4-ade251dcf1dd,invidious.boats,available,1.8,19.98,medium,low,9,namecheap,,,22/08/2026 09:04
66b14abb-e1f6-49fb-ad0a-d9f05f9f5815,conditioning.boats,available,1.24,13.97,high,low,12,spaceship,,,28/09/2026 12:54
8ddec96b-36e5-454b-9b98-9e135bade290,deeply.boats,available,1.8,19.98,medium,low,6,namecheap,,,13/08/2026 22:30
b6fe3700-38c9-4db4-a178-c8505d81b7a2,waukesha.boats,available,1.99,17.29,medium,low,8,namesilo,,,30/09/2026 14:02
0df68dd6-5e9b-422c-a08d-e394a3dee06a,dim.boats,available,1.8,19.98,high,low,3,namecheap,,,10/08/2026 13:58
2c2dfe7b-d389-478a-8bcc-93f945634296,regimented.boats,available,1.8,21.98,high,medium,10,namecheap,,,09/09/2026 12:55
d4875e06-8b16-4852-8c68-69b9e849977b,acanthus.boats,available,1.8,21.98,medium,low,8,namecheap,,,16/09/2026 21:02
a1866fd1-2016-4992-8a9e-1f771fb4783c,unwoven.boats,available,1.8,21.98,medium,low,7,namecheap,,,12/09/2026 22:51
bb3ebf54-456d-4649-8519-910a093277d4,citizenship.boats,available,1.99,15.75,high,low,11,namesilo,,,
8de0916f-f0a7-4ecf-a4ca-0bad9034af9e,suggested.boats,available,1.99,17.29,medium,low,9,namesilo,,,18/09/2026 13:48
d4694734-843d-4660-8393-d3f197afd360,gang.boats,premium,832,832,high,low,4,namesilo,,,29/09/2026 20:39
de3407f3-5f1e-45ea-8400-ff6f01841932,yearningly.boats,available,1.8,21.98,medium,low,10,namecheap,,,15/09/2026 12:56
2370ca3f-f245-464e-becc-3f50c3124e53,bloodshot.boats,available,1.8,19.98,medium,low,9,namecheap,,,10/08/2026 15:21
fe667c05-4831-4ea8-9b2f-cdf850673946,defoe.boats,available,1.99,17.29,medium,low,5,namesilo,,,30/09/2026 16:57
e3234b9a-5587-4602-aa64-9c793252d1fa,antony.boats,available,1.99,17.29,high,low,6,namesilo,,,19/09/2026 13:33
235abda3-a47a-4c72-b1c0-d55be08e03f6,chinchy.boats,available,1.8,19.98,low,low,7,namecheap,,,12/08/2026 05:42
18ffac26-33f9-4f13-936e-efd04c1905ec,roddy.boats,available,1.24,13.97,medium,low,5,spaceship,,,30/09/2026 20:26
1a94515b-9dea-4322-9311-0f7a68516ae5,shareholders.boats,available,1.99,17.29,medium,low,12,namesilo,,,17/09/2026 15:53
28917c9a-d606-40f0-ab93-d3ebf1ebf1b8,inflammatory.boats,available,1.99,14.45,medium,low,12,dynadot,,,29/09/2026 21:18
cf47f373-175b-40b3-a46a-125c0e09773e,auden.boats,premium,2660,2660,medium,low,5,namesilo,,,21/09/2026 02:48
76c0931e-459e-4b3a-afab-befa73332714,brno.boats,available,1.24,13.97,medium,low,4,spaceship,,,29/09/2026 18:06
8e6f4fd4-e7ab-4ca9-aca0-84ff00eba587,limitation.boats,available,1.99,17.29,medium,low,10,namesilo,,,30/09/2026 03:01
41cba79a-21ba-4f63-bcf2-283ddb78379d,transit.boats,available,1.99,17.29,high,low,7,namesilo,,,28/09/2026 15:28
b54b8d12-f064-4acd-9f93-b93d4b2d517e,haggai.boats,available,1.99,17.29,medium,low,6,namesilo,,,17/09/2026 17:22
a8db26ce-a743-442c-8adf-c6c944a50983,barebacked.boats,available,1.8,19.98,medium,low,10,namecheap,,,08/08/2026 18:44
ab77af19-86f7-4599-8e66-1a46b2e27b4c,recurring.boats,available,1.8,21.98,high,low,9,namecheap,,,09/09/2026 11:58
5588e617-6f3c-4da0-88dd-b72adfd9e881,besides.boats,available,1.99,17.29,medium,low,7,namesilo,,,28/09/2026 11:58
9424ef3c-ac8a-4d7c-99d5-04d97cdb720b,bias.boats,available,1.8,19.98,medium,low,4,namecheap,,,09/08/2026 18:35
3deb4c30-7476-403f-a4fa-b18080a257b7,outdo.boats,available,1.8,19.98,medium,low,5,namecheap,,,09/08/2026 17:43
b133cb1c-54a2-489f-ae3d-4bd45710dfe6,sponsorship.boats,available,1.24,13.97,high,low,11,spaceship,,,30/09/2026 23:15
f369135a-3005-4b2e-9a50-1f5a0d809943,anatoxin.boats,available,1.99,17.29,medium,low,8,namesilo,,,19/09/2026 03:34
f70957d3-5c35-4406-a850-bc22077cf571,refine.boats,available,1.8,21.98,high,low,6,namecheap,,,30/09/2026 19:53
c8f8e4c5-07cb-4bca-a696-ed1dc390c36a,corking.boats,available,1.8,19.98,medium,low,7,namecheap,,,08/08/2026 12:20
dd0b6f8c-b36c-4a6d-80fa-6138552d27e4,misleading.boats,available,1.8,19.98,medium,low,10,namecheap,,,25/08/2026 01:34
2e7df749-2cfa-4588-a48d-7f3d9bda6c21,flawlessly.boats,available,1.8,19.98,medium,low,10,namecheap,,,12/08/2026 10:23
2c2c509a-6e7d-4443-b732-a5cc73ae381d,malaria.boats,available,1.8,21.98,high,low,7,namecheap,,,30/09/2026 03:44
ef76acae-34af-4064-8a9c-1fd3cd873315,ghostly.boats,available,1.8,19.98,medium,low,7,namecheap,,,06/08/2026 05:28
2821b0c3-b8c0-4555-a5bc-2837bcdebd01,tumbleweed.boats,available,1.99,17.29,high,low,10,namesilo,,,18/09/2026 15:52
68955786-0e01-45b7-87f4-9d629b83940b,burt.boats,available,1.8,21.98,medium,low,4,namecheap,,,25/09/2026 03:54
0c952c8a-1f6e-4059-9ecd-e37694f19731,submitted.boats,available,1.99,17.29,medium,low,9,namesilo,,,29/09/2026 10:53
e574c95d-71f2-4a34-898a-0c28bd43b000,resisting.boats,available,1.8,21.98,medium,low,9,namecheap,,,28/09/2026 21:16
2265b8e0-4a19-470b-bbb8-1114f5b90011,nonsense.boats,available,1.24,13.97,high,low,8,spaceship,,,30/09/2026 22:57
a4460171-be9e-4bfb-a15c-ae5221c7fec2,partitioned.boats,available,1.99,17.29,medium,low,11,namesilo,,,18/09/2026 12:14
121185f8-a8fc-449d-83de-8d4550f73dc6,assur.boats,available,1.99,17.29,medium,low,5,namesilo,,,20/09/2026 16:41
ba296c61-0d29-4ad4-b347-c8d9b0988de3,dishcloth.boats,available,1.99,17.29,medium,low,9,namesilo,,,24/09/2026 22:40
9006f11f-2943-4296-b55e-4272fccda1e9,sickly.boats,available,1.8,19.98,high,low,6,namecheap,,,
3e9efe03-e61d-4e08-8a24-80cdb8e89bd6,earthling.boats,available,1.8,21.98,high,low,9,namecheap,,,11/09/2026 10:43
f0392d03-8da3-449a-a613-910d676dcc3a,filesize.boats,available,1.99,15.75,medium,low,9,namesilo,,,
7d261951-245d-43ec-834b-7865b6389700,skillfully.boats,available,1.8,21.98,medium,low,10,namecheap,,,16/09/2026 02:07
4d84ecce-9217-444f-954d-b56299fe4858,coalesced.boats,available,1.8,19.98,medium,low,9,namecheap,,,
408789bb-cba5-4f81-acf8-fc18ef823739,legally.boats,available,1.99,20.99,medium,low,7,name.com,,,13/08/2026 19:07
a6848128-6e90-47f5-8701-56c3bc1a46db,hinterland.boats,available,1.99,17.29,high,low,10,namesilo,,,21/09/2026 14:33
7221ed07-e9ff-4248-b793-f243ce0c6c89,regulatory.boats,available,1.8,21.98,high,low,10,namecheap,,,09/09/2026 13:17
058874ce-be7b-4900-8e05-89684e614ad5,amman.boats,available,1.99,17.29,medium,low,5,namesilo,,,18/09/2026 21:59
abff7fb1-49af-4bc2-bac1-fda284793e76,rotated.boats,available,1.24,13.97,medium,low,7,spaceship,,,27/09/2026 14:36
b137434f-e17d-4fa3-95df-49d2c1feadc9,wrought.boats,available,1.8,19.98,medium,low,7,namecheap,,,25/08/2026 03:48
be56314d-a2c2-40aa-9dff-9ab18e0c4eea,sown.boats,available,1.8,21.98,high,medium,4,namecheap,,,10/09/2026 15:01
5dc7dd17-5d0e-4b59-8d7a-4bcaa24ad81c,hothead.boats,available,1.99,20.99,medium,low,7,name.com,,,13/08/2026 17:45
9e9ce4b3-9628-4b89-9262-1ad34a9fbc86,snotty.boats,available,1.8,19.98,medium,low,6,namecheap,,,09/08/2026 20:42
b4241d71-1ae7-4800-9c40-ce82294a936b,thessaly.boats,available,1.99,17.29,medium,low,8,namesilo,,,30/09/2026 11:10
0367650f-1e25-4a62-a682-d735f19b45ca,declension.boats,available,1.8,21.98,medium,low,10,namecheap,,,13/09/2026 13:21
13fa8ab7-6a66-4369-82a9-3401dcfe9407,explicit.boats,available,1.8,19.98,high,low,8,namecheap,,,17/08/2026 18:24
344660b7-033b-47ee-bae6-6baa34bd5ad7,comforter.boats,available,1.99,20.99,medium,low,9,name.com,,,18/09/2026 10:03
53a08f51-6fcd-4886-9522-0bfc34e10800,embarrassing.boats,available,1.99,17.29,medium,low,12,namesilo,,,27/09/2026 06:37
fd0c01ac-5aa8-4d9f-a4c0-03ea9d52a182,informers.boats,available,1.99,17.29,medium,low,9,namesilo,,,21/09/2026 09:19
31ed6422-a5b8-4eef-907c-204ee681282d,sadly.boats,available,1.8,21.98,medium,low,5,namecheap,,,14/09/2026 11:52
0093cb04-5c30-4d67-a984-c40c2d752b07,geronimo.boats,available,1.8,21.98,high,low,8,namecheap,,,30/09/2026 17:28
1befc734-4b27-4790-af06-e415d001a479,fundamental.boats,available,1.99,17.29,high,low,11,namesilo,,,28/09/2026 11:15
f3c0e0fb-a9d1-4704-893f-9b10da5cde63,substantial.boats,available,1.99,,high,low,11,name.com,,,
81ab2bc7-5f83-4ced-9615-cf5c46d3a4e2,kirkland.boats,premium,2500,,high,high,8,name.com,,,
8c3a937a-cff8-40bf-9d44-d40811955ef9,betula.boats,available,1.99,17.29,medium,low,6,namesilo,,,23/09/2026 11:52
105b55cc-eb87-4f67-b1fa-857eb6df9027,wrongful.boats,available,1.99,17.29,medium,low,8,namesilo,,,28/09/2026 11:11
4ad680c4-9d7a-49dc-8b4c-9eb38cdc01de,somber.boats,available,1.8,21.98,medium,low,6,namecheap,,,10/09/2026 14:00
156a3513-dc0e-4eae-8596-587a452c1bd8,aeolic.boats,available,1.99,17.29,medium,low,6,namesilo,,,17/09/2026 12:35
8899c9c0-a328-46bc-bb34-fe6b3f94e7fb,starts.boats,available,1.99,,medium,low,6,name.com,,,
bc9dbd0a-a9d1-4115-844e-552806584bbe,longish.boats,available,1.8,19.98,medium,low,7,namecheap,,,24/08/2026 09:40
4a85976e-b3a1-4f91-ab6b-f337e88028d1,ageless.boats,premium,812.5,20.99,high,low,7,name.com,,,
33c9854b-14d3-4c94-a5ae-415d4b9e15f3,asarum.boats,available,1.99,17.29,medium,low,6,namesilo,,,20/09/2026 12:52
fab6e906-5870-40b9-a845-bb5aeea5edca,friar.boats,available,1.8,19.98,medium,low,5,namecheap,,,24/08/2026 20:10
3865da76-afab-469a-8e77-e9b5428e34c1,intolerable.boats,available,1.24,13.97,medium,low,11,spaceship,,,30/09/2026 11:56
9f90f38c-2ba6-4777-bf24-e1ccc15a1dbc,malvern.boats,available,1.99,17.29,medium,low,7,namesilo,,,28/09/2026 16:50
2f638f01-6e3e-49d5-b6d9-bffdd41bcb07,promotive.boats,available,1.8,21.98,high,low,9,namecheap,,,09/09/2026 03:13
fbc0c2a6-7ba5-4cf1-b8e5-51b0f1afc6ff,olibanum.boats,available,1.8,21.98,medium,low,8,namecheap,,,16/09/2026 09:03
28de8e78-618c-4ff1-b905-39eb3b2d4aa0,eater.boats,premium,2660,2660,high,low,5,namesilo,,,19/09/2026 09:42
846fd01c-43f4-403f-b348-62d2d479e5a4,curable.boats,available,1.8,19.98,high,low,7,namecheap,,,13/08/2026 10:59
cb7fdb58-1690-49f5-90be-3900b6c720bb,pausanias.boats,available,1.24,13.97,medium,low,9,spaceship,,,30/09/2026 21:56
dbdc3072-35df-4949-90d5-852b84a10f02,peaceful.boats,available,1.99,17.29,high,low,8,namesilo,,,27/09/2026 03:13
ebc76036-a36a-4e73-9877-c9154653e905,costume.boats,premium,2600,2600,high,low,7,namecheap,,,24/09/2026 18:31
d2e4b7da-a1d3-41fe-9c86-0d29fafd1821,obeisance.boats,available,1.8,19.98,high,medium,9,namecheap,,,10/08/2026 23:35
2c15f3f6-2f07-433a-b07e-d0e62214c060,useless.boats,available,1.99,17.29,medium,low,7,namesilo,,,28/09/2026 10:02
34dfa55e-5f8d-4e43-bc3d-55fb9b5a9dad,suspects.boats,available,1.99,17.29,medium,low,8,namesilo,,,27/09/2026 03:17
1893cd0b-c317-4bae-9c41-db451d82cb0f,baleful.boats,available,1.8,19.98,medium,low,7,namecheap,,,08/08/2026 09:39
3de77826-80ac-4c01-8fed-70d7fca0a743,sulphuric.boats,available,1.8,21.98,medium,low,9,namecheap,,,11/09/2026 01:27
7e175f4e-19b0-4b5a-83c1-6484aa742c58,capsulated.boats,available,1.8,19.98,medium,low,10,namecheap,,,11/08/2026 18:12
022b0c3f-d3a4-4c5a-9733-23c2c0e053ef,barong.boats,available,1.99,17.29,medium,low,6,namesilo,,,22/09/2026 07:38
00de1f20-1c92-40a4-88f0-adfd7098b482,psychologist.boats,available,1.99,17.29,high,low,12,namesilo,,,01/10/2026 00:51
e291f14d-2ed1-4266-991a-cb344253774a,chirpy.boats,available,1.8,19.98,high,low,6,namecheap,,,12/08/2026 06:03
9ad1cbc8-72c6-425b-8f60-a90b1fdc4dfe,lungs.boats,available,1.99,17.29,medium,low,5,namesilo,,,27/09/2026 02:43
cd1cf4db-6eb9-4949-b462-9cea7b4e2885,riled.boats,available,1.8,19.98,medium,low,5,namecheap,,,
3f44de37-a2ad-408d-a4e8-e16189bc4d3a,coequal.boats,available,1.8,19.98,medium,low,7,namecheap,,,12/08/2026 15:22
68a73471-95f8-484b-bf7a-b5d5fda1d0de,west.boats,premium,2660,2660,high,low,4,namesilo,,,28/09/2026 10:23
f8238e33-922b-444d-9510-49caa582a2e7,lighted.boats,available,1.8,19.98,high,low,7,namecheap,,,21/08/2026 20:09
72f12c40-3be9-49df-b37d-edfd753bcc3c,champaign.boats,available,1.8,21.98,medium,low,9,namecheap,,,08/09/2026 20:30
9c20cf17-e1d1-45ee-a7f8-49d36472fe7c,colfax.boats,premium,2070.2,2070.2,medium,low,6,spaceship,,,30/09/2026 13:56
62092131-f3d8-41c4-8a03-e16955a57046,corners.boats,available,1.24,13.97,medium,low,7,spaceship,,,28/09/2026 08:44
bf9bc1e4-d2f3-4f38-bef2-8d438f8ad719,saturated.boats,available,1.8,21.98,medium,low,9,namecheap,,,09/09/2026 21:53
5e6c67ca-8363-418f-9467-51e125f89a63,solomonic.boats,available,1.8,21.98,medium,low,9,namecheap,,,10/09/2026 13:43
035123a5-7319-43f4-b265-30ce45273cd8,slithering.boats,available,1.8,21.98,medium,low,10,namecheap,,,10/09/2026 11:07
c91af070-55fd-4c41-91cc-ca212f63a517,cartilage.boats,available,1.99,17.29,high,low,9,namesilo,,,01/10/2026 01:18
592c21a2-7732-494c-b146-cdb7e8251db7,rags.boats,available,1.99,17.29,medium,low,4,namesilo,,,30/09/2026 06:44
e8bc017d-c74a-4fa6-8f31-5990c3429608,inexplicit.boats,available,1.8,19.98,medium,low,10,namecheap,,,21/08/2026 22:39
3d42e7fc-e9e9-4186-90fa-f3a62e8dfe48,lancelot.boats,available,1.24,13.97,high,low,8,spaceship,,,30/09/2026 17:50
a3ebb62d-3d55-495c-b2b4-0a38cc24ccad,priced.boats,available,1.24,13.97,high,low,6,spaceship,,,30/09/2026 00:11
1d239221-c8f0-4a37-85f9-0300fecf7ca8,counted.boats,available,1.99,,medium,low,7,name.com,,,
be741b36-9b5f-41ee-83fb-6d7c72f085ff,brice.boats,available,1.99,17.29,medium,low,5,namesilo,,,29/09/2026 14:56
161440dd-079c-442c-898b-d0af325147bd,mountains.boats,available,1.8,21.98,medium,low,9,namecheap,,,17/09/2026 17:48
b377bdb8-be99-44f2-b3ba-d7b65a4bbf9b,radioed.boats,available,1.99,17.29,medium,low,7,namesilo,,,20/09/2026 15:44
ef7172df-de9b-4566-8b78-7a1bd4fdc9cb,audiometer.boats,available,1.99,17.29,medium,low,10,namesilo,,,21/09/2026 02:58
80a0cf93-de21-4493-b47a-be7288878fe0,cheerfully.boats,available,1.99,17.29,high,low,10,namesilo,,,28/09/2026 13:48
4285db98-73fa-4b17-961b-a1ce102e1edb,aerie.boats,available,1.8,19.98,high,medium,5,namecheap,,,
e79e4306-7228-47c1-950a-a34dff752c16,spectral.boats,available,1.8,19.98,high,low,8,namecheap,,,06/08/2026 05:38
c56f7c75-7c2b-46aa-bd4e-d40ec4b95edf,grandpa.boats,available,1.24,13.97,high,low,7,spaceship,,,29/09/2026 21:12
a7cadd78-5629-4b74-8381-88c80c5607a3,conducive.boats,available,1.8,19.98,high,low,9,namecheap,,,12/08/2026 20:30
854b6596-a535-463a-8a55-dbfbe65f1771,imperious.boats,available,1.8,19.98,medium,low,9,namecheap,,,21/08/2026 01:26
7e17e341-2db8-4af6-a966-733c444fa137,overtly.boats,available,1.8,21.98,medium,low,7,namecheap,,,15/09/2026 18:31
e67900c5-687f-4c40-aeb7-73d5be2c65fa,dismiss.boats,available,1.99,14.45,high,low,7,dynadot,,,29/09/2026 15:34
b92a3a0a-6654-4ec3-8f51-9148b868534d,maunder.boats,available,1.99,17.29,medium,low,7,namesilo,,,23/09/2026 23:31
c38b4540-c495-4e4a-83f4-68181f5bb8e3,ashcan.boats,available,1.99,17.29,medium,low,6,namesilo,,,20/09/2026 13:35
13fa45b3-4d56-47f8-aa39-e6aaadf05429,worries.boats,available,1.24,13.97,medium,low,7,spaceship,,,28/09/2026 04:50
acbf3842-5f8e-41ff-bcff-66f9d97e29b2,asimov.boats,available,1.99,17.29,high,low,6,namesilo,,,20/09/2026 14:15
b989c419-7c62-4c55-accd-6412b9ed928f,bisayan.boats,available,1.8,21.98,medium,low,7,namecheap,,,23/09/2026 21:29
2812fae3-6dcf-4c8f-bcdd-e92d85cfea1c,menus.boats,available,1.99,17.29,medium,low,5,namesilo,,,28/09/2026 08:20
d2dc3031-c388-42b9-8f8c-ce3a1e2d6cd4,unbent.boats,available,1.8,21.98,medium,low,6,namecheap,,,12/09/2026 01:50
38e9430c-f134-4769-b506-5266f39c4abe,yellowish.boats,available,1.8,21.98,high,low,9,namecheap,,,13/09/2026 13:59
0970830e-eda8-49c5-a2e8-f740c64c8d76,oozy.boats,available,1.8,21.98,medium,low,4,namecheap,,,04/09/2026 15:30
aea265a4-bea7-4b5e-828c-15d560215568,ports.boats,available,1.99,17.29,high,low,5,namesilo,,,29/09/2026 09:54
e8d2c567-e938-4090-b2bb-912b920f296d,crummy.boats,available,1.8,19.98,medium,low,6,namecheap,,,11/08/2026 09:02
90c1d6f1-5616-4b11-af08-1f9eb2248749,shoulders.boats,available,1.99,,medium,low,9,name.com,,,
bd080996-005a-4154-b6d9-8a809c2d9b9c,demonstrate.boats,available,1.24,13.97,high,low,11,spaceship,,,28/09/2026 11:13
79c171e3-9673-452f-ab8a-7f13d0b4b605,customization.boats,available,1.24,13.97,medium,low,13,spaceship,,,30/09/2026 22:42
e75599eb-7326-41ec-bb48-f30a54b6451d,inventor.boats,available,1.99,17.29,high,low,8,namesilo,,,20/09/2026 11:36
67d5189f-bf32-4c6d-8f60-d305e0a35c19,squeamish.boats,available,1.8,21.98,medium,low,9,namecheap,,,04/09/2026 21:24
958f2fc5-60c8-44e9-b69d-003e4e174499,canonized.boats,available,1.8,19.98,medium,low,9,namecheap,,,11/08/2026 17:25
4f2476ca-b089-4b46-9e5e-915f5f87903e,hegelian.boats,available,1.8,19.98,medium,low,8,namecheap,,,21/08/2026 06:14
dcbbf409-9c1e-4d0c-bb68-98bba4c678cd,indications.boats,available,1.24,13.97,medium,low,11,spaceship,,,30/09/2026 07:15
c86eb32b-10f1-4da2-b0ce-8dfc94b960fe,bowl.boats,available,1.99,17.29,high,low,4,namesilo,,,24/09/2026 07:38
8efce4c0-69ed-46a9-b6fb-1a136f24f6ea,pluperfect.boats,available,1.8,21.98,medium,low,10,namecheap,,,08/09/2026 22:00
e71e557b-5479-4a9b-ac93-68646c4f482e,joyless.boats,available,1.8,19.98,medium,low,7,namecheap,,,22/08/2026 14:04
da21f03d-bcfe-478a-a663-c2bac49370ca,orthogonal.boats,available,1.8,19.98,high,low,10,namecheap,,,17/08/2026 19:23
af195e43-6f71-4f37-a9f5-b530a322843a,seething.boats,available,1.8,21.98,medium,low,8,namecheap,,,10/09/2026 01:49
6a9bbbed-63a8-47d3-9500-baf576265cb7,ramsons.boats,available,1.99,17.29,medium,low,7,namesilo,,,18/09/2026 11:34
3dfae109-7cec-4011-9ba1-40f8f474e43a,demonic.boats,available,1.8,19.98,medium,low,7,namecheap,,,14/08/2026 01:26
d2ba48f6-9c11-46c3-98c6-a293a2e825fc,noun.boats,available,1.24,13.97,high,low,4,spaceship,,,29/09/2026 19:50
de5be7dd-1c57-4976-bd5b-7d53a716ac2b,saddening.boats,available,1.99,,medium,low,9,name.com,,,
aadabea1-097c-4e71-b691-39e4e4711229,authenticity.boats,available,1.24,13.97,high,low,12,spaceship,,,29/09/2026 23:07
cfe8586f-e816-400f-b113-c63d643b6f0e,teachings.boats,available,1.24,13.97,medium,low,9,spaceship,,,29/09/2026 23:08
81030605-a459-44ef-a7af-0db69229498b,goldman.boats,premium,2660,2660,high,low,7,namesilo,,,25/09/2026 05:32
711e3c8a-6c9e-4f6e-bcad-b5f337ce8527,trusting.boats,available,1.8,21.98,high,low,8,namecheap,,,11/09/2026 20:47
ec74aa84-d0d5-421e-8ac8-fefe690fed08,aigret.boats,available,1.8,21.98,medium,low,6,namecheap,,,17/09/2026 20:56
4d567403-e20c-494c-8163-c48dab5c65ec,auxin.boats,available,1.99,17.29,medium,low,5,namesilo,,,21/09/2026 08:33
8f3d8044-456e-428c-a187-d88b893d3764,inevitable.boats,available,1.99,17.29,high,low,10,namesilo,,,25/09/2026 09:24
f6fca836-76c0-43a6-a0ba-555fbcda6736,circulate.boats,available,1.24,13.97,high,low,9,spaceship,,,01/10/2026 04:10
06b1edb1-59c0-4f3b-99ed-5e2966f122b9,kodiak.boats,available,1.8,21.98,high,low,6,namecheap,,,18/09/2026 02:05
2e5dd231-a20d-4c36-908c-28488fdb2d91,abohm.boats,available,1.99,17.29,medium,low,5,namesilo,,,16/09/2026 16:26
f71c73a5-1bc4-4036-aaea-1f68a8ef0139,veneto.boats,available,1.24,13.97,high,low,6,spaceship,,,30/09/2026 11:16
0b67bb6f-35a9-42dd-a856-79c9da0d242f,round.boats,premium,812.5,20.99,high,low,5,name.com,,,09/08/2026 05:09
569a0955-75f2-436e-9049-29cc1455c705,helps.boats,available,1.8,21.98,high,low,5,namecheap,,,25/09/2026 21:19
1b613fa2-8b01-4e10-a575-f739d7c632f3,artie.boats,available,1.24,13.97,medium,low,5,spaceship,,,30/09/2026 13:26
15522b54-bd4a-4b42-9f0b-3d8bdd0b0c63,agama.boats,available,1.99,17.29,medium,low,5,namesilo,,,17/09/2026 16:05
2d200f01-1025-4531-9cca-851a2ccd4288,suppertime.boats,available,1.99,17.29,high,low,10,namesilo,,,24/09/2026 22:23
9b1ec478-09c8-418e-a397-5bf90c45a485,emission.boats,available,1.99,25.99,high,low,8,godaddy,,,30/09/2026 01:30
048b65f6-2fe5-46e5-b650-b76eec022026,elaine.boats,available,1.99,17.29,high,low,6,namesilo,,,25/09/2026 15:24
94bd7ed7-d3fe-495d-8e76-c613a6a8c1d6,drizzly.boats,available,1.8,19.98,medium,low,7,namecheap,,,14/08/2026 19:32
8da5ec74-3d75-4de8-93c8-7d3e8d0e9c12,rattled.boats,available,1.8,19.98,medium,low,7,namecheap,,,18/08/2026 09:33
c8772eee-5aef-4568-96af-34f2af156b20,ocher.boats,available,1.8,21.98,medium,low,5,namecheap,,,04/09/2026 00:31
9bc432ce-f13d-41de-9011-139dd508404c,docks.boats,available,1.24,13.97,high,low,5,spaceship,,,28/09/2026 17:14
f9ff2f15-277f-477f-bb24-cd07aab6d46e,wheezy.boats,available,1.8,19.98,medium,low,6,namecheap,,,07/08/2026 09:31
e6243ba9-5456-4028-be93-5fed09cfd51c,backfield.boats,available,1.99,17.29,medium,low,9,namesilo,,,21/09/2026 15:27
63ce4700-7cd6-4f3c-875d-5897abe328cc,marches.boats,available,1.24,13.97,medium,low,7,spaceship,,,29/09/2026 19:38
7eb7c9c2-c8f5-4061-ba9f-13c6be4e79b3,crowded.boats,available,1.99,17.29,high,low,7,namesilo,,,24/09/2026 02:10
636285cd-de4c-425e-b724-bab632f591cf,ossicular.boats,available,1.8,21.98,medium,low,9,namecheap,,,04/09/2026 18:22
51bf0e38-392a-49e9-b5b8-5b1138b45d91,sexed.boats,available,1.8,21.98,medium,low,5,namecheap,,,10/09/2026 05:13
5231f217-a10d-43f1-bd4b-91fa3549ced7,obscenity.boats,available,1.99,17.29,medium,low,9,namesilo,,,22/09/2026 16:47
542d03b9-a27c-4611-9037-cc1c1af1d7fe,beanie.boats,available,1.8,21.98,high,low,6,namecheap,,,22/09/2026 20:31
f8fc1267-3192-490e-9277-efccbce5763e,handiness.boats,available,1.99,17.29,medium,low,9,namesilo,,,16/09/2026 22:18
f8194069-6418-4388-9c34-d3c2f5f1f2ef,aiding.boats,available,1.99,14.45,high,low,6,dynadot,,,30/09/2026 12:01
f0dc1594-882d-4c54-a088-c2e3e71c3047,playful.boats,available,1.8,21.98,high,low,7,namecheap,,,08/09/2026 20:58
9683cfba-f84b-4d15-a7ce-42ad3f6ad854,sanctum.boats,available,1.8,19.98,high,low,7,namecheap,,,21/08/2026 10:47
96789303-5516-4ce6-90d2-8eec0b88c433,isolate.boats,available,1.99,17.29,high,low,7,namesilo,,,29/09/2026 08:24
7da05753-64bd-4b6a-82bb-3807c9dff1be,sufficient.boats,available,1.99,14.45,high,low,10,dynadot,,,28/09/2026 01:52
e5a5f6ac-6402-4d16-a6d4-113293e9e7fb,botanical.boats,premium,812.5,20.99,high,low,9,name.com,,,10/08/2026 20:47
047ec6dc-320d-49c6-8a50-b2658a09d175,avenue.boats,available,1.99,17.29,high,medium,6,namesilo,,,21/09/2026 09:08
e28de5f4-b264-409d-bee3-3a93ae3bf48e,bipartisan.boats,available,1.8,19.98,high,low,10,namecheap,,,10/08/2026 04:32
9e3b476d-9f8c-4a41-aaaa-f1bcc03fd7e4,opponents.boats,available,1.99,17.29,low,low,9,namesilo,,,29/09/2026 16:42
0aaa65cb-6be9-4fdb-b55d-ab2db46c3b08,fourthly.boats,available,1.8,19.98,medium,low,8,namecheap,,,18/08/2026 13:50
77569b9b-00ff-4ed6-938b-4c2dd200ac75,saloons.boats,available,1.99,17.29,medium,low,7,namesilo,,,19/09/2026 22:32
db650913-e5a1-408d-a724-442e99479026,caption.boats,available,1.99,17.29,high,low,7,namesilo,,,24/09/2026 12:41
25fb3883-8b27-40f9-a28d-dc7d3ba99d8c,unmined.boats,available,1.8,21.98,medium,low,7,namecheap,,,12/09/2026 15:41
1ed4f5b8-c883-4912-bff0-9d6efa84dcc1,mauve.boats,available,1.8,19.98,high,low,5,namecheap,,,24/08/2026 17:37
b386699b-3329-4311-b479-0a9415f89a89,afterglow.boats,available,1.8,21.98,high,low,9,namecheap,,,17/09/2026 15:42
e4bc6e32-bb37-40be-b8bc-d1c94155f3ef,aecium.boats,available,1.99,17.29,medium,low,6,namesilo,,,17/09/2026 12:08
e2183bf5-d631-42da-bc6c-0ede5b57f739,claims.boats,available,1.99,20.99,high,low,6,name.com,,,25/09/2026 20:29
5b5b6349-af0e-4906-9289-cc706a50dc32,floor.boats,available,1.8,21.98,high,low,5,namecheap,,,08/09/2026 02:52
51814ea8-d6b7-4852-99a0-b273c967e46c,rodney.boats,available,1.24,13.97,high,low,6,spaceship,,,28/09/2026 03:52
efe4ba15-d8d7-4143-b717-a19333f6d669,tenor.boats,premium,2600,2600,high,low,5,namecheap,,,11/09/2026 11:24
284ad0c7-5e52-4c37-ad09-3c256d8d660a,unknown.boats,available,1.8,21.98,high,low,7,namecheap,,,03/09/2026 12:55
d8728343-69e2-40fe-8a98-13c42abd3eea,sitka.boats,available,1.99,14.45,high,low,5,dynadot,,,29/09/2026 20:23
c561b974-e7e0-4d42-ab8c-20e5525b5b16,scales.boats,available,1.24,13.97,high,low,6,spaceship,,,29/09/2026 09:18
c4647490-624e-4a2c-bd74-1b34e2befed3,realism.boats,available,1.24,13.97,high,low,7,spaceship,,,29/09/2026 13:31
a3b90f85-f951-4b09-95cc-6de9929006ab,donna.boats,premium,710.1,710.1,high,low,5,porkbun,,,01/10/2026 01:47
57d6e3f5-856b-4433-836e-6f47701f5f35,peanut.boats,available,1.8,21.98,high,low,6,namecheap,,,08/09/2026 11:13
e0641c09-f8c9-4faa-bcc1-80f731582950,centrist.boats,available,1.8,19.98,high,low,8,namecheap,,,12/08/2026 00:14
2aa9c62d-e8e3-4360-9384-85251e20a9c1,grayly.boats,available,1.8,21.98,low,low,6,namecheap,,,14/09/2026 22:14
f956dc1d-7f72-4a02-b487-a966336cc23e,malevolent.boats,available,1.8,19.98,medium,low,10,namecheap,,,24/08/2026 13:52
48bacc0d-1c68-4c34-b3ab-53e881756bf9,nasal.boats,available,1.8,21.98,medium,low,5,namecheap,,,03/09/2026 13:33
3de007df-6662-4539-9063-53f623ef1a3b,whammy.boats,available,1.8,19.98,medium,low,6,namecheap,,,21/08/2026 07:39
5b8955e1-d21b-497f-b10b-74a97c4fd7b7,epitope.boats,available,1.99,20.99,medium,low,7,name.com,,,19/09/2026 14:25
121820a3-55da-4628-ae85-18da9cf1b3ac,felicity.boats,available,1.99,17.29,high,low,8,namesilo,,,29/09/2026 12:15
c03cccc6-6282-417d-88f4-025310d85d9c,eliminating.boats,available,1.54,14.21,medium,low,11,porkbun,,,30/09/2026 14:26
1d3d96da-9508-435c-8836-f5a2ea4d6c71,interval.boats,available,1.99,17.29,high,low,8,namesilo,,,29/09/2026 13:09
699db33f-64b8-4259-8e98-ec9f9d6879ac,moritz.boats,available,1.8,21.98,medium,low,6,namecheap,,,28/09/2026 16:06
6df05625-dee1-4b58-8031-8a8221ed8e15,bap.boats,available,1.8,21.98,high,low,3,namecheap,,,22/09/2026 03:20
bc76c8ac-578a-40ae-94f4-46f2d1275e33,piebald.boats,available,1.8,21.98,medium,low,7,namecheap,,,03/09/2026 10:37
4b0ff204-4b2f-4118-9a2e-3d64bd905e4b,maury.boats,available,1.99,17.29,medium,low,5,namesilo,,,29/09/2026 03:39
1a9b7124-c849-4f69-8d8a-beccc85735e8,brigand.boats,available,1.99,17.29,medium,low,7,namesilo,,,22/09/2026 01:20
dff243ee-cdc2-4944-977e-ac386becd93f,exact.boats,premium,2600,2600,high,low,5,namecheap,,,24/09/2026 15:46
b6747de3-83e7-46d0-8a2d-e98def5403dc,refreshed.boats,available,1.99,17.29,high,low,9,namesilo,,,25/09/2026 11:08
524925a6-65bc-4424-bd7e-430bd34e2abe,beguine.boats,available,1.99,17.29,medium,low,7,namesilo,,,23/09/2026 02:59
3d40a983-f02b-403a-b1e6-717e4cddf847,esthetical.boats,available,1.8,21.98,medium,low,10,namecheap,,,21/09/2026 21:22
b9a07d7b-93bc-48a7-94d8-b811c5895b2e,blackfly.boats,available,1.99,17.29,medium,low,8,namesilo,,,19/09/2026 17:06
86d508ca-39e3-4018-9e24-6e1d94b92ef7,waning.boats,available,1.8,21.98,medium,low,6,namecheap,,,13/09/2026 08:04
cd3b54de-7a5c-4e64-803a-48d71721cc9a,abraham.boats,available,1.99,17.29,high,low,7,namesilo,,,16/09/2026 16:50
ac30d4b2-10fe-42d0-888d-0d718dcb667c,almaata.boats,available,1.99,17.29,medium,low,8,namesilo,,,18/09/2026 12:23
15bee4ce-6bdd-4397-b4c9-152685c96c4a,deuce.boats,available,1.99,17.29,high,low,5,namesilo,,,21/09/2026 12:17
457b7859-2c85-477c-b334-ad27848e8b47,ndp.boats,available,1.99,14.45,high,low,3,dynadot,,,29/09/2026 09:39
02f5ff12-9d2b-4632-be53-f53119031c22,landmark.boats,available,1.24,13.97,high,low,8,spaceship,,,29/09/2026 13:16
5f6f72dd-52e0-4e38-9292-47dc58e53e60,committed.boats,available,1.8,21.98,high,low,9,namecheap,,,23/09/2026 15:46
51f42116-fac8-4db9-9595-032a3c8ab6cd,gnomish.boats,available,1.8,19.98,medium,low,7,namecheap,,,20/08/2026 15:45
b0501d36-cfd1-4615-8701-561d71eb7b5a,smoking.boats,available,1.99,17.29,high,low,7,namesilo,,,27/09/2026 23:20
14a78fc1-2f1c-4ed8-8e34-7a144f96fbbe,russians.boats,available,1.99,17.29,medium,low,8,namesilo,,,27/09/2026 10:58
424deb21-8821-4928-8676-b12ca0f7d823,junctions.boats,available,1.99,17.29,medium,low,9,namesilo,,,27/09/2026 03:20
1bb52946-987a-4521-a261-2daceb82c97c,westwood.boats,premium,2500,,high,low,8,name.com,,,
f5483a58-a944-4d28-bff8-5dc058269e2c,borden.boats,available,1.99,17.29,high,low,6,namesilo,,,28/09/2026 07:29
bb71b81b-11bf-4a97-9d67-4d8ae40098c8,bathe.boats,available,1.24,13.97,high,low,5,spaceship,,,29/09/2026 01:32
0375ce53-e36f-439c-8bad-b02ea47ae1dc,antagonism.boats,available,1.99,17.29,medium,low,10,namesilo,,,19/09/2026 12:27
08543782-9cdc-4c35-8ff4-a32664875228,improving.boats,available,1.8,19.98,high,low,9,namecheap,,,21/08/2026 23:17
272b0502-9336-4cc1-bcda-776344e91b27,pimiento.boats,available,1.99,17.29,medium,low,8,namesilo,,,23/09/2026 05:38
3d0823ed-ea11-46de-9479-18f0daf96b7d,antiquark.boats,available,1.99,17.29,medium,low,9,namesilo,,,19/09/2026 15:02
4a3bc227-8fff-4367-8517-5fe34902775a,decay.boats,available,1.24,13.97,high,low,5,spaceship,,,29/09/2026 13:27
37a608f0-fc19-46ec-9b5d-5ba408d2fd83,crush.boats,available,1.8,19.98,high,low,5,namecheap,,,09/08/2026 05:21
64f54d43-363b-4ff1-bc60-4202dd2ecf3b,assessor.boats,available,1.8,21.98,high,low,8,namecheap,,,20/09/2026 16:19
2df6c34e-8810-4e67-9eff-7e9ba9639f7a,mealy.boats,available,1.8,19.98,low,low,5,namecheap,,,12/08/2026 14:05
ab927994-72a8-423e-ad63-7fc92e704a5a,elderly.boats,available,1.99,20.99,high,low,7,name.com,,,21/09/2026 22:30
6dca7531-75ad-4d12-8596-38223e928d81,costs.boats,available,1.54,14.21,high,low,5,porkbun,,,29/09/2026 11:44
c1f8b07a-0460-48b1-9182-20d04ccfd46e,mep.boats,available,1.99,14.45,high,low,3,dynadot,,,30/09/2026 11:32
f8fbc24c-8e09-448a-97fd-84088076722b,clef.boats,available,1.99,17.29,high,low,4,namesilo,,,24/09/2026 15:30
9c6fef95-6190-49e5-bb3e-712534c8a8be,reuters.boats,premium,2070.2,2070.2,high,high,7,spaceship,,,28/09/2026 12:24
a5013691-2ddc-408f-ab77-7c0d0a48502f,gaping.boats,available,1.8,19.98,high,low,6,namecheap,,,
99eb432b-f8d7-417b-8c40-8084e8e6b195,trunk.boats,available,1.8,21.98,high,low,5,namecheap,,,21/09/2026 07:24
9bc7e508-bb95-4c02-8edc-2e07e474f796,providing.boats,available,1.8,21.98,high,low,9,namecheap,,,28/09/2026 07:19
178d3b43-19cd-4736-90f5-ca70131aaf8e,bordered.boats,available,1.99,17.29,medium,low,8,namesilo,,,22/09/2026 23:55
619af74e-e95c-429b-8940-307934449453,collectors.boats,available,1.24,13.97,high,low,10,spaceship,,,29/09/2026 17:58
5c026dab-4f55-4b61-983a-ef0a68c9af1b,adapters.boats,available,1.24,13.97,medium,low,8,spaceship,,,01/10/2026 00:53
60ad7873-39aa-439f-918e-d57eda930d89,embracing.boats,available,1.24,13.97,high,low,9,spaceship,,,29/09/2026 18:00
7b80af75-a2de-49a7-951b-a793f2aa3306,columnar.boats,available,1.8,19.98,medium,low,8,namecheap,,,12/08/2026 18:14
aeacea4b-5037-4e6c-ac4b-7f9e68422d87,signalise.boats,available,1.8,21.98,high,medium,9,namecheap,,,10/09/2026 08:02
42b82b76-c866-4dbf-87a6-075426c360c5,moments.boats,available,1.8,21.98,medium,low,7,namecheap,,,25/09/2026 20:25
8edc9d24-4745-4d35-806a-4b16c4f6ab35,swimmers.boats,available,1.8,21.98,medium,low,8,namecheap,,,30/09/2026 14:58
6955d2bd-0cd1-4447-880c-c0c3061be166,gatherer.boats,available,1.99,17.29,medium,low,8,namesilo,,,16/09/2026 23:20
43cf139b-12f5-4e00-888b-41a2dd98530e,renowned.boats,available,1.8,19.98,high,low,8,namecheap,,,11/08/2026 23:18
0bf522cc-8dce-4dc2-936f-613c35f72716,tyranny.boats,available,1.8,21.98,medium,low,7,namecheap,,,16/09/2026 18:02
9880c015-157a-4e6d-908f-89b7d8683aa1,seraphical.boats,available,1.8,21.98,medium,low,10,namecheap,,,10/09/2026 04:31
531a69b7-5dd9-470c-a3fa-08d2fa4093ea,surgery.boats,available,1.99,17.29,high,low,7,namesilo,,,25/09/2026 23:54
c7dfdecc-182a-41d1-ac1f-4343904d9fd5,confuse.boats,available,1.99,17.29,high,low,7,namesilo,,,30/09/2026 15:38
9d93a8a5-6fa2-4ac4-891f-1a8f736da660,photogenic.boats,available,1.8,21.98,high,medium,10,namecheap,,,08/09/2026 19:18
1e8253a1-92e0-4415-a7fe-96e78eb7a9c5,dickensian.boats,available,1.8,19.98,medium,low,10,namecheap,,,14/08/2026 06:25
ee6c98b5-33ad-436d-9600-f729e08d3c8d,magnetic.boats,available,1.8,19.98,high,low,8,namecheap,,,12/08/2026 02:32
23b1b419-3b4a-44eb-8d57-37c064703681,samuels.boats,available,1.99,17.29,medium,low,7,namesilo,,,29/09/2026 09:53
75758147-038f-46ba-b461-20af9cf678ac,ottoman.boats,available,1.8,21.98,high,low,7,namecheap,,,04/09/2026 18:38
78bb18ae-4799-4883-ab2c-1daaef80bbe3,aphasia.boats,available,1.99,17.29,medium,low,7,namesilo,,,19/09/2026 16:53
d65dab25-20ca-49d3-bfbd-3ba7bb35046a,quaintly.boats,available,1.8,21.98,medium,low,8,namecheap,,,15/09/2026 22:07
f18cb6ee-20b4-40de-a58e-5eb3147e4692,alleviator.boats,available,1.8,21.98,medium,low,10,namecheap,,,04/09/2026 23:48
df90b140-b6f7-4b7d-b06f-9aebc0d817b3,hepburn.boats,available,1.24,13.97,high,low,7,spaceship,,,30/09/2026 17:34
77daad05-c3d4-4abe-aaba-2da7b16bbd08,assets.boats,available,1.99,17.29,high,low,6,namesilo,,,20/09/2026 16:21
964d3e64-34b8-4123-b2e0-d333768b4a3a,clx.boats,available,1.8,19.98,medium,low,3,namecheap,,,
5175f764-4d55-4ff7-97da-1ec844ffe725,stickers.boats,premium,2660,2660,high,low,8,namesilo,,,30/09/2026 07:47
ed532b58-7619-4f7f-9b61-9ea2349166fa,aphorism.boats,available,1.99,17.29,medium,low,8,namesilo,,,19/09/2026 17:09
57614735-4733-47e7-a5bb-27af2aa5eecd,exobiology.boats,available,1.99,17.29,medium,low,10,namesilo,,,20/09/2026 17:35
6f4757e6-847f-4658-ab47-97220818e169,drilled.boats,available,1.8,19.98,medium,low,7,namecheap,,,14/08/2026 19:21
c7f9754f-b958-45fe-8adc-607ae0b28991,whirlwind.boats,available,1.24,13.97,high,low,9,spaceship,,,30/09/2026 19:05
0fb8381f-d365-4ab2-b469-882296c2c2b8,tahitian.boats,available,1.8,21.98,high,low,8,namecheap,,,11/09/2026 07:06
5b2f44a4-e301-47d5-973e-3589070a4050,audibility.boats,available,1.99,17.29,medium,low,10,namesilo,,,21/09/2026 02:52
b9f3a7af-b013-425e-9c58-55a1f39d8de3,vinnie.boats,available,1.54,10.88,medium,low,6,porkbun,,,30/09/2026 21:20
0e84eaae-89fc-4df0-9ca9-61863b049580,finale.boats,available,1.99,17.29,high,low,6,namesilo,,,23/09/2026 14:46
0f4124e2-9eee-43e1-a77e-b0cbacc4e832,cram.boats,available,1.8,19.98,high,low,4,namecheap,,,10/08/2026 18:14
707f9fc6-85c5-4351-b8d0-01f8d6587386,arrival.boats,available,1.99,17.29,high,low,7,namesilo,,,20/09/2026 09:13
79948179-2a21-49de-bbed-e3b055c6706f,kinda.boats,available,1.24,13.97,high,low,5,spaceship,,,28/09/2026 16:02
40597ba7-71e4-4eb5-b73f-2ec17cedb1fe,smolensk.boats,available,1.24,13.97,medium,low,8,spaceship,,,30/09/2026 11:04
44f2d4e8-92c6-4e27-9e1b-414d00794146,scientific.boats,available,1.99,17.29,high,low,10,namesilo,,,30/09/2026 16:48
9cbb2b5d-e385-46fd-9766-0f421a72c1ce,bardic.boats,available,1.8,19.98,medium,low,6,namecheap,,,08/08/2026 18:00
01b0889e-b6c5-4f2e-b1ab-d6535bf12e7c,glossary.boats,available,1.24,13.97,high,low,8,spaceship,,,29/09/2026 20:53
9cedd3dd-f78c-4b4a-b998-4b5497b779dd,isomers.boats,available,1.99,17.29,medium,low,7,namesilo,,,29/09/2026 11:02
3528e7c8-a87c-4e91-bd1d-a98b4c7d3c3f,ale.boats,available,1.99,14.45,high,low,3,dynadot,,,28/09/2026 20:11
7fa446d8-0f5f-4ec5-9156-32bab871bb1f,amati.boats,available,1.99,17.29,high,low,5,namesilo,,,18/09/2026 16:09
93333e8f-2346-487e-8c3b-0dcdfa4206a8,thornless.boats,available,1.8,21.98,medium,low,9,namecheap,,,11/09/2026 14:08
286c2b55-913c-4091-b762-4e4e090acf37,drains.boats,available,1.8,21.98,medium,low,6,namecheap,,,29/09/2026 17:12
d6b5015f-fc6c-4dc9-98a9-a8bf53567ca0,bonaparte.boats,available,1.99,17.29,medium,low,9,namesilo,,,25/09/2026 00:27
80ef3f56-c23e-4b16-850f-2701b1fedbe8,acumen.boats,available,1.99,17.29,high,low,6,namesilo,,,17/09/2026 05:39
f5d3c956-ab9e-44e6-8e29-d0dc31e82352,conservation.boats,available,1.24,13.97,high,low,12,spaceship,,,29/09/2026 23:26
a5a31df6-e211-40bd-9f78-6ed1f85bb33c,squalls.boats,available,1.99,17.29,medium,low,7,namesilo,,,20/09/2026 14:16
16e77571-1366-4ab0-9f21-4994525b7cf9,eloquent.boats,available,1.8,19.98,high,low,8,namecheap,,,16/08/2026 06:14
f8b82b94-6ea1-4e4c-ac85-7f0aa236fad3,isolation.boats,available,1.8,21.98,high,low,9,namecheap,,,24/09/2026 16:00
322e4247-7a2f-4aef-b36f-35db72d4c2ef,hierarchy.boats,available,1.99,17.29,high,low,9,namesilo,,,30/09/2026 10:07
d01094ee-5be0-456a-a0ab-ae7822a23c70,arminius.boats,available,1.99,17.29,medium,low,8,namesilo,,,20/09/2026 07:08
1b116268-66c3-4f16-8f09-37ae389b78d7,deaf.boats,available,1.99,20.99,high,low,4,name.com,,,13/08/2026 19:42
eae2d67d-efd0-4814-a948-1e6531e833b9,seaborgium.boats,available,1.99,17.29,medium,low,10,namesilo,,,20/09/2026 22:06
6c01b5f0-5c3f-41a3-aa46-5f4c46316cdb,extralegal.boats,available,1.8,19.98,medium,low,10,namecheap,,,17/08/2026 19:14
0b51f9e9-e205-4716-b437-46caf16c0741,jejune.boats,available,1.8,19.98,medium,low,6,namecheap,,,22/08/2026 12:45
89b87a9c-8486-454b-9967-02ef35046309,gourmet.boats,available,1.99,17.29,high,low,7,namesilo,,,24/09/2026 14:33
f6bbe274-29a5-4fbd-a7f0-f4dfb3865bb1,idiomatic.boats,available,1.8,19.98,medium,low,9,namecheap,,,21/08/2026 18:07
d6c3c9e4-0bab-4729-bd8a-8c6cd652c8d4,granted.boats,available,1.99,17.29,high,low,7,namesilo,,,24/09/2026 22:19
3b29630d-7e8b-41f2-8092-f889316e1804,zoftig.boats,available,1.8,21.98,medium,low,6,namecheap,,,13/09/2026 14:58
3e812fbd-e7cf-4bee-a2c4-413050be541e,scapegrace.boats,available,1.8,21.98,medium,low,10,namecheap,,,24/09/2026 01:41
0b5f780b-d5ae-4432-99cb-3762d2d096ad,geneva.boats,available,1.99,17.29,high,low,6,namesilo,,,28/09/2026 09:52
da2a716e-db81-4183-9786-a30fad6cdacc,steroid.boats,available,1.99,17.29,high,low,7,namesilo,,,01/10/2026 03:40
e303ede4-b217-438f-8f5e-f918156dc4bb,ibn.boats,available,1.8,21.98,medium,low,3,namecheap,,,25/09/2026 21:32
ff70ea71-e1ba-412e-9b8b-8da8784e7e36,erratic.boats,available,1.8,19.98,high,low,7,namecheap,,,17/08/2026 12:46
be9a4c20-0df0-4600-888f-f3d05a95fbdc,suburban.boats,available,1.8,21.98,high,low,8,namecheap,,,11/09/2026 00:54
18cbb006-6363-4abe-a5f2-abd7c2394d74,arhat.boats,available,1.99,17.29,medium,low,5,namesilo,,,20/09/2026 05:05
22c8ce83-648a-46ee-9b68-e1fe57a5417b,iata.boats,available,1.99,17.29,medium,low,4,namesilo,,,30/09/2026 20:51
81c94b48-1b48-4395-8fe8-0cf4811e9b34,excision.boats,available,1.99,17.29,medium,low,8,namesilo,,,16/09/2026 16:06
a8b745dd-07ea-4cbc-bcdc-4922742523c9,dubuque.boats,available,1.99,17.29,medium,low,7,namesilo,,,28/09/2026 05:32
5c6a4d29-e16d-4e62-adf8-fb3628064fea,exiguous.boats,available,1.8,19.98,medium,low,8,namecheap,,,17/08/2026 17:18
0d51490e-c1a6-497c-900a-a6feda37ef2c,valves.boats,available,1.99,17.29,medium,low,6,namesilo,,,29/09/2026 23:44
e30da888-c56b-4a1b-a11d-da9a22a85d5e,bosh.boats,available,1.8,21.98,medium,low,4,namecheap,,,21/09/2026 23:47
41995193-5bd2-4f01-a0ee-0c2e6686ac3b,stylised.boats,available,1.8,19.98,high,low,8,namecheap,,,12/08/2026 23:48
48c0d7d7-e7f8-411c-bd39-4fed13726008,dodd.boats,available,1.24,13.97,high,low,4,spaceship,,,30/09/2026 12:38
56257427-05b4-4dba-a7f3-513db4dd159e,spotify.boats,premium,2660,2660,high,high,7,namesilo,,,19/09/2026 03:23
eedf4fd7-a92a-46f7-9f06-864ff558c079,absorbed.boats,available,1.99,17.29,high,low,8,namesilo,,,21/09/2026 14:58
18b20c0e-13b5-4645-b623-76efb5336a1e,executive.boats,available,1.8,21.98,high,low,9,namecheap,,,19/09/2026 08:02
ff1c5a8e-57e7-4cec-96ff-ff5af62fed52,yunnan.boats,available,1.99,17.29,medium,low,6,namesilo,,,28/09/2026 06:53
5e4c3c99-be44-4383-998d-f20c05cfb800,chicago.boats,premium,2660,2660,high,low,7,namesilo,,,24/09/2026 14:26
bd678b76-bc57-4042-b2a6-42ac9c86d88c,technical.boats,available,1.24,13.97,high,low,9,spaceship,,,28/09/2026 08:48
388510c1-9a47-4741-8051-040d2de51900,slander.boats,available,1.99,17.29,medium,low,7,namesilo,,,30/09/2026 18:39
1ee3149e-5cfe-4676-b48d-1a007def54fa,see.boats,premium,2660,2660,high,medium,3,namesilo,,,24/09/2026 16:46
9700b10d-d02f-40cd-8d7b-ee1edceb69b3,trillion.boats,available,1.8,21.98,high,low,8,namecheap,,,11/09/2026 19:49
ba25bfa2-3cc7-45cf-ba61-59dd9439f6d9,burner.boats,available,1.24,13.97,high,low,6,spaceship,,,29/09/2026 11:49
4232b8ab-abca-4a10-a968-5e605e7652d4,blocks.boats,available,1.99,17.29,high,low,6,namesilo,,,17/09/2026 21:52
d8f5b0a7-ca93-493a-a60c-46960420cffb,delaney.boats,available,1.99,17.29,medium,low,7,namesilo,,,28/09/2026 04:06
c16a3691-de66-42d1-96de-626f5fc003be,asparagine.boats,available,1.99,17.29,medium,low,10,namesilo,,,20/09/2026 14:39
db0839b9-1ea4-4a20-93b1-b642ddbcfc6f,fenestral.boats,available,1.8,19.98,medium,low,9,namecheap,,,18/08/2026 01:09
cbcf9a35-bb36-4578-a9e1-92383c4a7c57,epidermal.boats,available,1.99,,medium,low,9,name.com,,,13/08/2026 13:06
0f1485d0-edcf-44a9-8449-399f63cdba2a,escapade.boats,available,1.8,21.98,high,low,8,namecheap,,,17/09/2026 10:37
3acf3958-47eb-4e05-b43b-faeca71da235,endodontic.boats,available,1.8,19.98,medium,low,10,namecheap,,,17/08/2026 01:06
cd733c03-315b-4b8a-a9ab-91d836a20571,abolish.boats,available,1.99,14.45,high,low,7,dynadot,,,30/09/2026 19:09
3e4e3a55-9409-41bc-b349-99375a307755,pilots.boats,available,1.24,13.97,high,low,6,spaceship,,,28/09/2026 00:23
daf4eb6b-cce0-46b7-8296-3d042cba34bd,baku.boats,available,1.8,21.98,high,low,4,namecheap,,,21/09/2026 20:24
a740e4e4-2c87-4346-b9d0-fa2e4a4cfbb8,unavowed.boats,available,1.8,21.98,high,medium,8,namecheap,,,10/09/2026 12:30
8a1144cc-2206-4353-8aaf-1f7d1941d40b,coyne.boats,available,1.99,17.29,medium,low,5,namesilo,,,30/09/2026 04:24
2a5dafff-9c38-494f-b03c-fde3d4877abf,humdrum.boats,available,1.8,19.98,medium,low,7,namecheap,,,21/08/2026 15:05
f28d051c-e1d7-4d70-b948-4319143fee44,turing.boats,available,1.99,17.29,high,low,6,namesilo,,,18/09/2026 01:45
2d369001-a337-435a-9f18-e459799d9154,strongly.boats,available,1.99,17.29,medium,low,8,namesilo,,,28/09/2026 16:33
10b192c5-0e15-4dfd-a17c-b3413624927a,pawn.boats,available,1.99,17.29,high,low,4,namesilo,,,28/09/2026 18:36
9b43741f-4f7c-4037-b8dc-fbdcc34ecc0d,gayal.boats,available,1.8,21.98,medium,low,5,namecheap,,,23/09/2026 13:03
07910e48-c8d5-4d33-9c22-680af765024f,plato.boats,available,1.24,13.97,high,low,5,spaceship,,,29/09/2026 13:42
3037e544-d32f-4adc-97f9-8132414c17f0,deutsch.boats,available,1.99,17.29,high,low,7,namesilo,,,28/09/2026 11:22
c1090d78-6c14-47b1-a0e7-b29495caca0e,alves.boats,available,1.99,17.29,medium,low,5,namesilo,,,30/09/2026 12:39
2044a139-efc1-4905-b20d-c1c9e5666b50,browned.boats,available,1.8,19.98,medium,low,7,namecheap,,,11/08/2026 06:29
b23d6ead-ab33-4759-bd67-28624b0cb373,seasonal.boats,available,1.8,21.98,high,low,8,namecheap,,,10/09/2026 00:58
3534246b-03d5-4d4c-ac9f-86c699bfaf6d,monochrome.boats,available,1.8,19.98,high,low,10,namecheap,,,25/08/2026 04:59
6af4a460-7c42-4bb6-97c9-f67998e44891,kremlin.boats,available,1.99,17.29,high,low,7,namesilo,,,01/10/2026 02:50
3b2232e3-d990-4545-88b6-d71f4055ac4d,compensate.boats,available,1.8,21.98,high,low,10,namecheap,,,27/09/2026 15:05
52ce2294-c406-482b-be5d-207cee514c51,happened.boats,available,1.8,21.98,medium,low,8,namecheap,,,25/09/2026 20:05
a86d9f44-c314-42f4-809c-c229e8a53152,repand.boats,available,1.8,21.98,medium,low,6,namecheap,,,09/09/2026 14:25
2e29d061-3a8d-463c-9bdc-6157fbcabf7d,athletic.boats,available,1.99,17.29,high,low,8,namesilo,,,21/09/2026 16:12
318d04e3-5240-4f00-9d27-96ff851ed705,deception.boats,available,1.99,17.29,high,low,9,namesilo,,,24/09/2026 17:22
87631525-028b-4f33-8fbd-03660e2a2668,candidly.boats,available,1.8,21.98,high,low,8,namecheap,,,14/09/2026 05:06
4f804665-edc0-41db-94e1-7424cc3456b2,roi.boats,available,1.99,17.29,high,low,3,namesilo,,,30/09/2026 10:11
c0e11b3e-c5b4-47c0-8c62-67c47e74b317,philosophy.boats,available,1.24,13.97,high,low,10,spaceship,,,27/09/2026 13:03
ca6880db-569e-4872-864f-270b32366572,vineyard.boats,available,1.24,13.97,high,low,8,spaceship,,,28/09/2026 20:44
d153e9f7-80c0-49f9-b587-831a16b674fd,talks.boats,available,1.24,13.97,high,low,5,spaceship,,,30/09/2026 05:32
862a425f-480e-4f33-be39-fa8c8189e714,debased.boats,available,1.8,19.98,medium,low,7,namecheap,,,
179df2f2-ec38-4d6b-a50f-39293cd5c5e1,podlike.boats,available,1.8,21.98,medium,low,7,namecheap,,,08/09/2026 22:31
92ccaaf4-ab4d-4743-8ba6-c4a2e51bc2f4,ownership.boats,available,1.99,17.29,high,low,9,namesilo,,,28/09/2026 15:02
17d7918b-cfb9-44e1-9267-e79ca753816b,greasewood.boats,available,1.99,17.29,medium,low,10,namesilo,,,24/09/2026 00:46
24a12f01-9d60-401a-8c77-806f228152ba,sciolist.boats,available,1.8,19.98,medium,low,8,namecheap,,,14/08/2026 07:43
12ec034b-cd79-41d5-8d03-24061b2bfc80,poetically.boats,available,1.8,21.98,medium,low,10,namecheap,,,15/09/2026 20:51
6c4816d4-85cd-4399-a2d2-6495245422fd,comstock.boats,available,1.99,17.29,high,low,8,namesilo,,,19/09/2026 13:40
b823a54c-cd7a-4c1e-ad52-ee6d2f045b19,egyptians.boats,available,1.24,13.97,medium,low,9,spaceship,,,30/09/2026 07:12
1416e5c2-3945-478b-98fa-55999a9512b9,ebook.boats,available,1.24,13.97,high,low,6,spaceship,,,01/10/2026 04:46
22ccf2e3-ade3-4e56-9f9f-28b72eeb2000,neaten.boats,available,1.8,21.98,medium,low,6,namecheap,,,11/09/2026 15:42
54984dab-333a-4288-865d-216b6dd584e9,gloomy.boats,available,1.8,19.98,medium,low,6,namecheap,,,14/08/2026 11:40
a0cf59f0-a862-4c23-81e2-5fe33a37aae1,heavyset.boats,available,1.8,19.98,medium,low,8,namecheap,,,21/08/2026 05:31
ff51d0c2-134f-45c6-bcb6-8c18fd521e1c,schuyler.boats,available,1.54,14.21,medium,low,8,porkbun,,,28/09/2026 04:05
a3c65ab5-b91e-4637-8970-a498b4a9451a,edamame.boats,available,1.8,21.98,high,low,7,namecheap,,,20/09/2026 02:22
63c64eaa-f9f7-42d3-ab3d-147cf83ddba7,apercu.boats,available,1.99,17.29,medium,low,6,namesilo,,,19/09/2026 16:30
0212459e-eb85-4442-8baf-f35f3d0cfc04,boris.boats,available,1.8,21.98,high,low,5,namecheap,,,25/09/2026 20:39
89979fc1-7759-48ad-b007-ede6f53a54f7,resect.boats,available,1.8,19.98,medium,low,6,namecheap,,,17/08/2026 15:12
cb80f398-0c43-4034-bfa8-3345564a7300,lavinia.boats,available,1.99,14.45,high,low,7,dynadot,,,30/09/2026 05:09
a1225303-c7f1-48fe-989d-35c073854b3a,gdr.boats,available,1.99,17.29,high,low,3,namesilo,,,28/09/2026 07:11
c9724a82-c2a3-47ad-a26c-00035e2492ff,motherwell.boats,available,1.24,13.97,medium,low,10,spaceship,,,30/09/2026 18:05
2b61f3ed-fe2e-4484-a0f5-faa9f22cff1f,dun.boats,available,1.8,19.98,medium,low,3,namecheap,,,14/08/2026 21:12
a3d650c5-6d39-4576-9de6-5ce6984ed08d,hipped.boats,available,1.8,19.98,medium,low,6,namecheap,,,21/08/2026 09:41
272d72f9-f476-4d58-8a48-b0ee766faf81,cochrane.boats,available,1.99,17.29,medium,low,8,namesilo,,,27/09/2026 01:53
b61e3d06-9ae8-48bf-b3b2-04273969a57f,smitten.boats,available,1.8,19.98,high,low,7,namecheap,,,16/08/2026 21:16
4d1ce5ae-3e08-458c-b8ad-c18053cfffae,monique.boats,available,1.24,13.97,high,low,7,spaceship,,,30/09/2026 05:03
51bfd1ac-c6f9-4c55-b0ed-00fc306ee91b,uniformly.boats,available,1.99,17.29,medium,low,9,namesilo,,,16/09/2026 10:05
aa9af8f2-cd27-4b40-806c-4cb5def81bf4,amish.boats,available,1.8,21.98,high,low,5,namecheap,,,18/09/2026 21:52
3c2540b2-d4b8-4e4b-a4bb-586050f10803,anile.boats,available,1.8,19.98,medium,low,5,namecheap,,,
f0a3180b-d492-4838-ac44-27617ac04b19,skyline.boats,available,1.8,21.98,high,low,7,namecheap,,,19/09/2026 20:18
1186470b-fb56-40a5-a3d2-ecf9e0acf65e,enzyme.boats,available,1.24,13.97,high,low,6,spaceship,,,29/09/2026 12:12
878472b9-83ff-4c24-a361-82788296a255,hideous.boats,available,1.8,19.98,medium,low,7,namecheap,,,21/08/2026 08:13
9dff7f8c-6c2a-4115-b700-35b6a80b53a6,havoc.boats,available,1.99,17.29,high,low,5,namesilo,,,30/09/2026 10:05
385c74a3-7f26-46a2-a679-4a9327a6a9d9,influenced.boats,available,1.99,,high,low,10,name.com,,,
c401b46a-ba4a-4367-83ac-fad686d02908,armadillo.boats,premium,2660,2660,high,low,9,namesilo,,,20/09/2026 06:27
72956160-9562-4e8b-998c-62681f89dbf2,lizard.boats,premium,2183.84,2183.84,high,low,6,porkbun,,,30/09/2026 03:05
8a72fb5c-e111-4c21-987e-9a81ea2cc26f,george.boats,premium,845,845,high,medium,6,namecheap,,,25/09/2026 06:27
13ffc4cb-2baa-49db-97b2-3143dabed127,atp.boats,available,1.24,13.97,high,low,3,spaceship,,,28/09/2026 18:27
0a59f4ef-e837-4ddf-a7ce-599bdecf090f,meir.boats,available,1.99,17.29,medium,low,4,namesilo,,,29/09/2026 07:06
69e3099a-7f22-4085-be0a-f578b1ac3e07,others.boats,available,1.99,17.29,high,low,6,namesilo,,,25/09/2026 16:48
e07aa9cf-617c-41d3-bfc5-20b6fa0196b2,cabbage.boats,available,1.99,17.29,high,low,7,namesilo,,,29/09/2026 03:24
d2d5b680-4a86-4cc3-a29f-9ae9ec4a2a11,crafty.boats,available,1.8,21.98,high,low,6,namecheap,,,24/09/2026 01:24
775b0b8c-d022-4984-b8d7-292451e2c918,stabile.boats,available,1.8,19.98,medium,low,7,namecheap,,,21/08/2026 21:21
af87810f-cbf9-4742-8edb-c7eaaa6ab7e5,procurement.boats,available,1.24,13.97,high,low,11,spaceship,,,28/09/2026 08:19
969d3239-52f1-461a-afe5-cda39718f25d,creations.boats,available,1.24,13.97,medium,low,9,spaceship,,,01/10/2026 00:49
3677d345-de68-4582-83b9-7c198c0703de,laguna.boats,available,1.24,13.97,high,low,6,spaceship,,,30/09/2026 10:22
0553aaca-bc09-42e2-ad1f-2c8d12875ffc,acetabulum.boats,available,1.8,21.98,medium,low,10,namecheap,,,16/09/2026 23:45
cee39a02-d038-4537-8bce-4a5ec128a6c0,adaptive.boats,available,1.99,17.29,high,low,8,namesilo,,,28/09/2026 16:57
1d48eacf-a05b-46f0-b08e-e12c442b906a,prone.boats,available,1.99,17.29,medium,low,5,namesilo,,,27/09/2026 07:37
ad3f466c-3d81-417b-850a-d3015be2590c,manager.boats,available,1.99,17.29,high,low,7,namesilo,,,24/09/2026 16:11
7df6f14a-48ce-4a9a-b4d5-6fe9827d5d29,diminuendo.boats,available,1.8,19.98,medium,low,10,namecheap,,,13/08/2026 22:19
46c3f428-b1eb-4af8-9f0c-abdec0670ac9,protrude.boats,available,1.8,21.98,high,low,8,namecheap,,,08/09/2026 23:44
16f96f55-b33b-4353-9e2f-e36903d9d70b,fortified.boats,available,1.8,19.98,high,low,9,namecheap,,,09/08/2026 00:17
7b1a8f98-f388-4adf-a35c-ba38935bbe59,corridor.boats,available,1.99,17.29,high,low,8,namesilo,,,29/09/2026 11:39
25a3394f-dea5-46e5-9e81-6ece6e8cafe8,cooks.boats,available,1.24,13.97,medium,low,5,spaceship,,,29/09/2026 04:38
ce3be1de-f750-494d-abf3-242f384577a5,bilk.boats,available,1.8,21.98,medium,low,4,namecheap,,,09/09/2026 08:21
7d3ba2ca-498d-4d08-8cf0-810641be31c4,dignity.boats,available,1.99,17.29,high,low,7,namesilo,,,29/09/2026 14:56
c873f699-c835-42df-a087-44bb020237a7,side.boats,premium,2200,2200,high,low,4,dynadot,,,27/09/2026 21:50
1abc1825-ea12-489a-b1d6-7e59f9155b7e,panasonic.boats,premium,2500,,high,medium,9,name.com,,,
4242317d-1d74-46f3-9fb0-36a9e2170d88,eastside.boats,available,1.8,19.98,high,low,8,namecheap,,,14/08/2026 22:58
e8aeff7b-d577-442f-a4fd-0aa1303277f8,missionary.boats,available,1.8,19.98,high,low,10,namecheap,,,25/08/2026 01:48
ac029a2d-f747-47a2-b3ed-8a5fec141baa,cured.boats,available,1.8,19.98,high,low,5,namecheap,,,13/08/2026 01:35
622727b5-7b3c-4b13-813e-6f3d36e2cdcc,ascendant.boats,available,1.8,19.98,high,low,9,namecheap,,,
0635b7e7-9ae1-4bef-ac44-42ceb88ec636,chittagong.boats,available,1.24,13.97,medium,low,10,spaceship,,,30/09/2026 16:42
626917d0-e243-4a4d-98bf-2ad767c6ad12,acanthurus.boats,available,1.8,21.98,high,low,10,namecheap,,,16/09/2026 20:58
6e02e011-08bb-484e-ade6-aa9edcaa9f84,sins.boats,available,1.99,17.29,medium,low,4,namesilo,,,27/09/2026 10:40
43a03fbb-9949-43f3-b2cd-eb62977e638c,borrowing.boats,available,1.8,21.98,medium,low,9,namecheap,,,28/09/2026 09:11
ca677233-102b-4698-8d32-f0aefcf1283c,basketry.boats,available,1.99,17.29,medium,low,8,namesilo,,,22/09/2026 11:28
be49cdcb-409a-427b-9550-42c7550ca5cb,calgary.boats,available,1.99,17.29,high,low,7,namesilo,,,24/09/2026 11:43
7de5707a-afd5-4031-a240-bfd6258e48bb,andesite.boats,available,1.8,21.98,medium,low,8,namecheap,,,19/09/2026 04:04
9f513ca5-a913-451c-bbb1-e198d578cffd,drums.boats,available,1.99,17.29,medium,low,5,namesilo,,,18/09/2026 11:40
e744307a-b95c-4113-9074-cc22d9d73c05,doubter.boats,available,1.8,19.98,medium,low,7,namecheap,,,
5461e828-b855-4100-9f73-071db39c5f04,bandeau.boats,available,1.8,21.98,medium,low,7,namecheap,,,22/09/2026 01:04
6ed69618-d649-46c1-81af-35d69de6c365,flesh.boats,available,1.8,21.98,high,low,5,namecheap,,,25/09/2026 21:58
072664f8-e6f4-40e0-8436-a85cb735934d,opium.boats,available,1.24,13.97,medium,low,5,spaceship,,,29/09/2026 01:45
b70cc888-6b19-4f7f-a888-d06dd1ab28e9,focussed.boats,available,1.8,19.98,high,low,8,namecheap,,,18/08/2026 09:47
8c28975b-06f0-4e7e-b5db-c2d30d9e591a,enron.boats,available,1.24,13.97,high,low,5,spaceship,,,30/09/2026 04:20
ccf45478-0316-48b8-872e-936d02dc9e5e,amulet.boats,available,1.99,17.29,high,low,6,namesilo,,,19/09/2026 00:10
ed668d61-804e-4e03-a140-47e7e0cda313,hydropower.boats,available,1.99,17.29,high,low,10,namesilo,,,29/09/2026 10:23
c3a42694-eb28-4720-9837-643cbb308965,pitched.boats,available,1.8,21.98,high,medium,7,namecheap,,,08/09/2026 20:03
b16a5f87-af24-40e4-9a64-0cc28489ff1d,batna.boats,available,1.8,21.98,medium,low,5,namecheap,,,22/09/2026 14:06
d00d9121-41ab-4b5d-9afb-666eeb0fbd31,brag.boats,available,1.8,21.98,high,low,4,namecheap,,,23/09/2026 00:49
07052f8b-1552-4aa6-8f72-825f6f169f0b,sectioned.boats,available,1.8,21.98,medium,low,9,namecheap,,,10/09/2026 01:20
3f9f9efc-2451-4838-bd91-1e8ce67b9621,indium.boats,available,1.99,17.29,medium,low,6,namesilo,,,20/09/2026 23:11
765a4333-6114-4414-895c-ca66919fc941,carambola.boats,available,1.99,17.29,medium,low,9,namesilo,,,21/09/2026 09:14
0f0fca94-fa03-4642-8adc-dfe88ea8ac93,separated.boats,available,1.99,17.29,medium,low,9,namesilo,,,19/09/2026 04:08
31e78a8f-79dc-4014-86f7-a3567d001a08,groping.boats,available,1.8,19.98,medium,low,7,namecheap,,,20/08/2026 20:18
04e5f428-e7e3-4bfc-be25-fb7afa419986,bifacial.boats,available,1.8,19.98,medium,low,8,namecheap,,,09/08/2026 19:57
5e6a5c83-d396-4e8a-82b0-23c98596c043,dampish.boats,available,1.99,20.99,medium,low,7,name.com,,,13/08/2026 16:41
f05dbd9f-4bc4-48d7-a819-1e17b0590b87,lapse.boats,available,1.8,21.98,high,low,5,namecheap,,,27/09/2026 14:20
c55e7951-7747-4ee3-9aa4-28100256174b,violet.boats,premium,832,832,high,medium,6,namesilo,,,09/09/2026 06:21
840b24cf-c512-4fdc-8a3d-68883801c7f7,rink.boats,available,1.24,13.97,high,low,4,spaceship,,,01/10/2026 03:34
ed670ae8-364b-464d-b908-4d55cbea3c37,unafraid.boats,available,1.8,21.98,high,low,8,namecheap,,,10/09/2026 01:28
64c62bd5-8046-4c78-b7f3-85241ae6c7b0,tussle.boats,available,1.8,21.98,high,medium,6,namecheap,,,09/09/2026 18:55
7a065394-94ea-4fa4-a547-288360fed4cd,afm.boats,available,1.24,13.97,high,low,3,spaceship,,,01/10/2026 00:52
30d5df36-ddb8-4bf0-8268-f0d577712e0e,anglosaxon.boats,available,1.99,17.29,medium,low,11,namesilo,,,29/09/2026 02:54
6c30c04a-dda1-4527-915e-09f336ea44a9,lemony.boats,available,1.8,19.98,high,low,6,namecheap,,,22/08/2026 23:24